ticker,bank_name,period_year,period_quarter,period_label,ai_strategy,customer_facing_ai,governance,investment_spend,measurable_outcomes,operations_efficiency,risk_controls,use_cases,vendors_partnerships,source_breadth,total_mentions,governance_mentions,execution_mentions,execution_share,quarterly_score,quarterly_rating
ALLY,Ally Financial Inc.,2024,1,2024_Q1,0.0,1.0,1.0,1.0,1.0,1.0,1.0,1.0,1.0,1.0,8.0,2.0,6.0,0.75,27.291666666666664,2
ALLY,Ally Financial Inc.,2024,2,2024_Q2,0.0,1.0,1.0,1.0,1.0,1.0,1.0,1.0,1.0,1.0,8.0,2.0,6.0,0.75,23.797256097560975,2
ALLY,Ally Financial Inc.,2024,3,2024_Q3,0.0,1.0,1.0,1.0,1.0,1.0,1.0,1.0,1.0,1.0,8.0,2.0,6.0,0.75,33.05555555555555,2
ALLY,Ally Financial Inc.,2024,4,2024_Q4,0.0,8.0,8.0,8.0,8.0,8.0,8.0,8.0,8.0,1.0,64.0,16.0,48.0,0.75,53.8,3
ALLY,Ally Financial Inc.,2025,1,2025_Q1,0.0,1.0,1.0,1.0,1.0,1.0,1.0,1.0,1.0,1.0,8.0,2.0,6.0,0.75,27.685185185185183,2
ALLY,Ally Financial Inc.,2025,2,2025_Q2,0.0,6.0,4.0,6.0,6.0,4.0,4.0,6.0,4.0,2.0,40.0,8.0,32.0,0.8,72.79761904761905,4
ALLY,Ally Financial Inc.,2025,3,2025_Q3,0.0,7.0,1.0,6.0,10.0,7.0,1.0,4.0,9.0,2.0,45.0,2.0,43.0,0.9555555555555556,74.11764705882354,4
ALLY,Ally Financial Inc.,2025,4,2025_Q4,0.0,4.0,0.0,4.0,4.0,1.0,0.0,3.0,3.0,1.0,19.0,0.0,19.0,1.0,25.147058823529413,2
ASB,Associated Banc-Corp,2024,1,2024_Q1,0.0,0.0,0.0,0.0,0.0,0.0,0.0,0.0,0.0,0.0,0.0,0.0,0.0,0.0,0.0,1
ASB,Associated Banc-Corp,2024,2,2024_Q2,0.0,1.0,1.0,1.0,1.0,1.0,1.0,1.0,1.0,1.0,8.0,2.0,6.0,0.75,23.797256097560975,2
ASB,Associated Banc-Corp,2024,3,2024_Q3,0.0,0.0,0.0,0.0,0.0,0.0,0.0,0.0,0.0,0.0,0.0,0.0,0.0,0.0,0.0,1
ASB,Associated Banc-Corp,2024,4,2024_Q4,0.0,14.0,14.0,14.0,14.0,14.0,11.0,11.0,14.0,2.0,106.0,25.0,81.0,0.7641509433962265,82.0,5
ASB,Associated Banc-Corp,2025,1,2025_Q1,0.0,0.0,0.0,0.0,0.0,0.0,0.0,0.0,0.0,0.0,0.0,0.0,0.0,0.0,0.0,1
ASB,Associated Banc-Corp,2025,2,2025_Q2,0.0,1.0,1.0,1.0,1.0,1.0,1.0,1.0,1.0,1.0,8.0,2.0,6.0,0.75,20.714285714285715,2
ASB,Associated Banc-Corp,2025,3,2025_Q3,0.0,0.0,0.0,0.0,0.0,0.0,0.0,0.0,0.0,0.0,0.0,0.0,0.0,0.0,0.0,1
ASB,Associated Banc-Corp,2025,4,2025_Q4,0.0,21.0,21.0,21.0,21.0,21.0,18.0,18.0,21.0,2.0,162.0,39.0,123.0,0.7592592592592593,88.38235294117648,5
AXP,American Express Co,2024,1,2024_Q1,0.0,3.0,3.0,3.0,3.0,3.0,3.0,3.0,3.0,1.0,24.0,6.0,18.0,0.75,56.25000000000001,3
AXP,American Express Co,2024,2,2024_Q2,0.0,4.0,4.0,4.0,4.0,4.0,4.0,4.0,4.0,1.0,32.0,8.0,24.0,0.75,53.015243902439025,3
AXP,American Express Co,2024,3,2024_Q3,0.0,3.0,3.0,3.0,3.0,3.0,3.0,3.0,3.0,1.0,24.0,6.0,18.0,0.75,62.68518518518518,4
AXP,American Express Co,2024,4,2024_Q4,0.0,25.0,24.0,24.0,24.0,24.0,24.0,24.0,24.0,1.0,193.0,48.0,145.0,0.7512953367875648,81.6,5
AXP,American Express Co,2025,1,2025_Q1,34.0,39.0,39.0,39.0,39.0,39.0,5.0,39.0,39.0,2.0,312.0,78.0,234.0,0.75,97.77777777777777,5
AXP,American Express Co,2025,2,2025_Q2,0.0,7.0,7.0,7.0,6.0,7.0,7.0,7.0,7.0,1.0,55.0,14.0,41.0,0.7454545454545455,68.33333333333333,4
AXP,American Express Co,2025,3,2025_Q3,0.0,5.0,5.0,5.0,5.0,5.0,5.0,5.0,5.0,1.0,40.0,10.0,30.0,0.75,56.25,3
AXP,American Express Co,2025,4,2025_Q4,0.0,36.0,35.0,36.0,37.0,36.0,32.0,36.0,36.0,2.0,284.0,67.0,217.0,0.7640845070422535,93.52941176470588,5
BAC,Bank Of America Corp,2024,1,2024_Q1,0.0,1.0,1.0,1.0,1.0,1.0,1.0,1.0,1.0,1.0,8.0,2.0,6.0,0.75,27.291666666666664,2
BAC,Bank Of America Corp,2024,2,2024_Q2,0.0,7.0,8.0,5.0,7.0,6.0,5.0,8.0,0.0,2.0,46.0,13.0,33.0,0.717391304347826,81.07621951219512,5
BAC,Bank Of America Corp,2024,3,2024_Q3,0.0,4.0,4.0,4.0,4.0,4.0,2.0,4.0,0.0,2.0,26.0,6.0,20.0,0.7692307692307693,75.92592592592594,4
BAC,Bank Of America Corp,2024,4,2024_Q4,0.0,22.0,22.0,22.0,22.0,22.0,22.0,22.0,21.0,1.0,175.0,44.0,131.0,0.7485714285714286,80.0,4
BAC,Bank Of America Corp,2025,1,2025_Q1,0.0,13.0,6.0,14.0,11.0,9.0,2.0,14.0,0.0,2.0,69.0,8.0,61.0,0.8840579710144928,85.37037037037038,5
BAC,Bank Of America Corp,2025,2,2025_Q2,0.0,11.0,4.0,11.0,12.0,13.0,6.0,11.0,0.0,2.0,68.0,10.0,58.0,0.8529411764705882,82.85714285714286,5
BAC,Bank Of America Corp,2025,3,2025_Q3,0.0,12.0,5.0,13.0,10.0,8.0,1.0,13.0,0.0,2.0,62.0,6.0,56.0,0.9032258064516129,80.73529411764704,5
BAC,Bank Of America Corp,2025,4,2025_Q4,0.0,11.0,4.0,12.0,9.0,7.0,0.0,12.0,0.0,1.0,55.0,4.0,51.0,0.9272727272727272,46.76470588235294,3
BK,Bank of New York Mellon Corp,2024,1,2024_Q1,0.0,0.0,1.0,7.0,7.0,0.0,0.0,0.0,1.0,1.0,16.0,1.0,15.0,0.9375,52.91666666666667,3
BK,Bank of New York Mellon Corp,2024,2,2024_Q2,0.0,2.0,4.0,8.0,9.0,6.0,2.0,2.0,0.0,2.0,33.0,6.0,27.0,0.8181818181818182,66.10060975609755,4
BK,Bank of New York Mellon Corp,2024,3,2024_Q3,0.0,2.0,9.0,9.0,9.0,8.0,3.0,8.0,6.0,2.0,54.0,12.0,42.0,0.7777777777777778,87.77777777777777,5
BK,Bank of New York Mellon Corp,2024,4,2024_Q4,11.0,3.0,0.0,10.0,10.0,10.0,1.0,6.0,11.0,2.0,62.0,12.0,50.0,0.8064516129032258,62.10000000000001,4
BK,Bank of New York Mellon Corp,2025,1,2025_Q1,0.0,6.0,1.0,3.0,5.0,8.0,2.0,5.0,3.0,2.0,33.0,3.0,30.0,0.9090909090909091,68.14814814814815,4
BK,Bank of New York Mellon Corp,2025,2,2025_Q2,0.0,0.0,7.0,9.0,8.0,5.0,3.0,4.0,0.0,2.0,36.0,10.0,26.0,0.7222222222222222,70.0,4
BK,Bank of New York Mellon Corp,2025,3,2025_Q3,0.0,0.0,4.0,8.0,8.0,5.0,0.0,3.0,0.0,2.0,28.0,4.0,24.0,0.8571428571428571,56.76470588235294,3
BK,Bank of New York Mellon Corp,2025,4,2025_Q4,11.0,3.0,0.0,9.0,9.0,9.0,0.0,5.0,11.0,1.0,57.0,11.0,46.0,0.8070175438596491,48.23529411764706,3
BKU,"BankUnited, Inc.",2024,1,2024_Q1,0.0,0.0,0.0,0.0,0.0,0.0,0.0,0.0,0.0,0.0,0.0,0.0,0.0,0.0,0.0,1
BKU,"BankUnited, Inc.",2024,2,2024_Q2,0.0,0.0,0.0,0.0,0.0,0.0,0.0,0.0,0.0,0.0,0.0,0.0,0.0,0.0,0.0,1
BKU,"BankUnited, Inc.",2024,3,2024_Q3,0.0,0.0,0.0,0.0,0.0,0.0,0.0,0.0,0.0,0.0,0.0,0.0,0.0,0.0,0.0,1
BKU,"BankUnited, Inc.",2024,4,2024_Q4,0.0,2.0,4.0,2.0,3.0,3.0,3.0,3.0,2.0,1.0,22.0,7.0,15.0,0.6818181818181818,20.35,2
BKU,"BankUnited, Inc.",2025,1,2025_Q1,0.0,0.0,0.0,0.0,0.0,0.0,0.0,0.0,0.0,0.0,0.0,0.0,0.0,0.0,0.0,1
BKU,"BankUnited, Inc.",2025,2,2025_Q2,0.0,0.0,0.0,0.0,0.0,0.0,0.0,0.0,0.0,0.0,0.0,0.0,0.0,0.0,0.0,1
BKU,"BankUnited, Inc.",2025,3,2025_Q3,0.0,0.0,0.0,0.0,0.0,0.0,0.0,0.0,0.0,0.0,0.0,0.0,0.0,0.0,0.0,1
BKU,"BankUnited, Inc.",2025,4,2025_Q4,0.0,0.0,0.0,0.0,1.0,1.0,0.0,0.0,0.0,1.0,2.0,0.0,2.0,1.0,9.411764705882353,1
BOKF,Bok Financial Corp,2024,1,2024_Q1,0.0,2.0,2.0,2.0,2.0,2.0,0.0,2.0,2.0,1.0,14.0,2.0,12.0,0.8571428571428571,43.54166666666667,3
BOKF,Bok Financial Corp,2024,2,2024_Q2,0.0,2.0,2.0,2.0,2.0,2.0,2.0,2.0,2.0,1.0,16.0,4.0,12.0,0.75,37.519817073170735,2
BOKF,Bok Financial Corp,2024,3,2024_Q3,0.0,2.0,2.0,2.0,2.0,2.0,0.0,2.0,2.0,1.0,14.0,2.0,12.0,0.8571428571428571,48.148148148148145,3
BOKF,Bok Financial Corp,2024,4,2024_Q4,0.0,4.0,5.0,5.0,5.0,4.0,2.0,5.0,4.0,2.0,34.0,7.0,27.0,0.7941176470588235,44.2,3
BOKF,Bok Financial Corp,2025,1,2025_Q1,0.0,0.0,0.0,0.0,0.0,0.0,0.0,0.0,0.0,0.0,0.0,0.0,0.0,0.0,0.0,1
BOKF,Bok Financial Corp,2025,2,2025_Q2,0.0,0.0,0.0,0.0,0.0,0.0,0.0,0.0,0.0,0.0,0.0,0.0,0.0,0.0,0.0,1
BOKF,Bok Financial Corp,2025,3,2025_Q3,0.0,2.0,0.0,1.0,1.0,0.0,0.0,0.0,0.0,1.0,4.0,0.0,4.0,1.0,17.573529411764707,1
BOKF,Bok Financial Corp,2025,4,2025_Q4,0.0,2.0,4.0,3.0,3.0,3.0,2.0,3.0,2.0,1.0,22.0,6.0,16.0,0.7272727272727273,26.61764705882353,2
BPOP,"Popular, Inc.",2024,1,2024_Q1,0.0,2.0,0.0,2.0,2.0,2.0,0.0,2.0,2.0,1.0,12.0,0.0,12.0,1.0,39.47916666666667,2
BPOP,"Popular, Inc.",2024,2,2024_Q2,0.0,4.0,4.0,4.0,0.0,3.0,1.0,3.0,4.0,1.0,23.0,5.0,18.0,0.782608695652174,43.400914634146346,3
BPOP,"Popular, Inc.",2024,3,2024_Q3,0.0,0.0,0.0,0.0,0.0,0.0,0.0,0.0,0.0,0.0,0.0,0.0,0.0,0.0,0.0,1
BPOP,"Popular, Inc.",2024,4,2024_Q4,0.0,2.0,1.0,0.0,2.0,2.0,1.0,2.0,1.0,1.0,11.0,2.0,9.0,0.8181818181818182,14.4,1
BPOP,"Popular, Inc.",2025,1,2025_Q1,0.0,0.0,0.0,0.0,0.0,0.0,0.0,0.0,0.0,0.0,0.0,0.0,0.0,0.0,0.0,1
BPOP,"Popular, Inc.",2025,2,2025_Q2,0.0,3.0,3.0,3.0,0.0,1.0,2.0,1.0,3.0,1.0,16.0,5.0,11.0,0.6875,36.01190476190476,2
BPOP,"Popular, Inc.",2025,3,2025_Q3,0.0,0.0,0.0,0.0,0.0,0.0,0.0,0.0,0.0,0.0,0.0,0.0,0.0,0.0,0.0,1
BPOP,"Popular, Inc.",2025,4,2025_Q4,0.0,0.0,0.0,0.0,0.0,0.0,0.0,0.0,0.0,0.0,0.0,0.0,0.0,0.0,0.0,1
C,Citigroup Inc,2024,1,2024_Q1,0.0,1.0,1.0,1.0,1.0,1.0,1.0,1.0,1.0,1.0,8.0,2.0,6.0,0.75,27.291666666666664,2
C,Citigroup Inc,2024,2,2024_Q2,0.0,8.0,9.0,8.0,6.0,6.0,8.0,9.0,5.0,2.0,59.0,17.0,42.0,0.711864406779661,85.97713414634147,5
C,Citigroup Inc,2024,3,2024_Q3,0.0,1.0,1.0,1.0,1.0,1.0,1.0,1.0,1.0,1.0,8.0,2.0,6.0,0.75,33.05555555555555,2
C,Citigroup Inc,2024,4,2024_Q4,0.0,12.0,12.0,7.0,13.0,14.0,14.0,14.0,12.0,2.0,98.0,26.0,72.0,0.7346938775510204,80.25,5
C,Citigroup Inc,2025,1,2025_Q1,0.0,4.0,2.0,3.0,4.0,3.0,2.0,4.0,2.0,2.0,24.0,4.0,20.0,0.8333333333333334,59.25925925925926,3
C,Citigroup Inc,2025,2,2025_Q2,0.0,8.0,9.0,9.0,9.0,11.0,7.0,11.0,8.0,2.0,72.0,16.0,56.0,0.7777777777777778,85.5952380952381,5
C,Citigroup Inc,2025,3,2025_Q3,0.0,7.0,7.0,7.0,7.0,8.0,7.0,7.0,5.0,2.0,55.0,14.0,41.0,0.7454545454545455,76.1029411764706,4
C,Citigroup Inc,2025,4,2025_Q4,0.0,21.0,22.0,24.0,22.0,22.0,22.0,23.0,17.0,2.0,173.0,44.0,129.0,0.7456647398843931,90.73529411764706,5
CFG,Citizens Financial Group Inc/Ri,2024,1,2024_Q1,0.0,6.0,3.0,6.0,6.0,6.0,3.0,6.0,6.0,1.0,42.0,6.0,36.0,0.8571428571428571,62.916666666666664,4
CFG,Citizens Financial Group Inc/Ri,2024,2,2024_Q2,0.0,1.0,1.0,1.0,1.0,1.0,1.0,1.0,1.0,1.0,8.0,2.0,6.0,0.75,23.797256097560975,2
CFG,Citizens Financial Group Inc/Ri,2024,3,2024_Q3,0.0,7.0,5.0,5.0,3.0,3.0,3.0,3.0,3.0,1.0,32.0,8.0,24.0,0.75,70.37037037037037,4
CFG,Citizens Financial Group Inc/Ri,2024,4,2024_Q4,0.0,16.0,10.0,16.0,16.0,16.0,13.0,16.0,16.0,2.0,119.0,23.0,96.0,0.8067226890756303,84.25,5
CFG,Citizens Financial Group Inc/Ri,2025,1,2025_Q1,8.0,23.0,16.0,18.0,16.0,19.0,17.0,19.0,15.0,1.0,151.0,41.0,110.0,0.7284768211920529,81.85185185185185,5
CFG,Citizens Financial Group Inc/Ri,2025,2,2025_Q2,0.0,9.0,8.0,11.0,12.0,11.0,7.0,12.0,11.0,2.0,81.0,15.0,66.0,0.8148148148148148,89.58333333333334,5
CFG,Citizens Financial Group Inc/Ri,2025,3,2025_Q3,0.0,3.0,1.0,7.0,7.0,4.0,0.0,5.0,5.0,1.0,32.0,1.0,31.0,0.96875,51.17647058823529,3
CFG,Citizens Financial Group Inc/Ri,2025,4,2025_Q4,1.0,24.0,15.0,21.0,17.0,20.0,8.0,15.0,21.0,2.0,142.0,24.0,118.0,0.8309859154929577,82.20588235294117,5
CFR,"Cullen/Frost Bankers, Inc.",2024,1,2024_Q1,0.0,0.0,0.0,0.0,0.0,0.0,0.0,0.0,0.0,0.0,0.0,0.0,0.0,0.0,0.0,1
CFR,"Cullen/Frost Bankers, Inc.",2024,2,2024_Q2,0.0,0.0,0.0,0.0,0.0,0.0,0.0,0.0,0.0,0.0,0.0,0.0,0.0,0.0,0.0,1
CFR,"Cullen/Frost Bankers, Inc.",2024,3,2024_Q3,0.0,0.0,0.0,0.0,0.0,0.0,0.0,0.0,0.0,0.0,0.0,0.0,0.0,0.0,0.0,1
CFR,"Cullen/Frost Bankers, Inc.",2024,4,2024_Q4,0.0,3.0,3.0,2.0,2.0,2.0,2.0,2.0,2.0,1.0,18.0,5.0,13.0,0.7222222222222222,18.6,1
CFR,"Cullen/Frost Bankers, Inc.",2025,1,2025_Q1,0.0,0.0,0.0,0.0,0.0,0.0,0.0,0.0,0.0,0.0,0.0,0.0,0.0,0.0,0.0,1
CFR,"Cullen/Frost Bankers, Inc.",2025,2,2025_Q2,0.0,0.0,0.0,0.0,0.0,0.0,0.0,0.0,0.0,0.0,0.0,0.0,0.0,0.0,0.0,1
CFR,"Cullen/Frost Bankers, Inc.",2025,3,2025_Q3,0.0,0.0,0.0,0.0,0.0,0.0,0.0,0.0,0.0,0.0,0.0,0.0,0.0,0.0,0.0,1
CFR,"Cullen/Frost Bankers, Inc.",2025,4,2025_Q4,0.0,5.0,5.0,5.0,5.0,5.0,5.0,5.0,5.0,1.0,40.0,10.0,30.0,0.75,41.1764705882353,3
CMA,Comerica Inc,2024,1,2024_Q1,0.0,0.0,3.0,3.0,3.0,3.0,0.0,0.0,3.0,1.0,15.0,3.0,12.0,0.8,47.60416666666667,3
CMA,Comerica Inc,2024,2,2024_Q2,0.0,0.0,2.0,2.0,2.0,2.0,0.0,2.0,2.0,1.0,12.0,2.0,10.0,0.8333333333333334,33.41158536585366,2
CMA,Comerica Inc,2024,3,2024_Q3,0.0,0.0,2.0,2.0,2.0,2.0,0.0,2.0,2.0,1.0,12.0,2.0,10.0,0.8333333333333334,43.98148148148148,3
CMA,Comerica Inc,2024,4,2024_Q4,0.0,11.0,8.0,8.0,14.0,8.0,5.0,10.0,9.0,2.0,73.0,13.0,60.0,0.821917808219178,71.10000000000001,4
CMA,Comerica Inc,2025,1,2025_Q1,0.0,10.0,5.0,6.0,9.0,9.0,9.0,9.0,8.0,1.0,65.0,14.0,51.0,0.7846153846153846,69.72222222222223,4
CMA,Comerica Inc,2025,2,2025_Q2,0.0,0.0,0.0,0.0,0.0,0.0,0.0,0.0,0.0,0.0,0.0,0.0,0.0,0.0,0.0,1
CMA,Comerica Inc,2025,3,2025_Q3,0.0,7.0,4.0,6.0,6.0,8.0,0.0,1.0,8.0,2.0,40.0,4.0,36.0,0.9,68.01470588235294,4
CMA,Comerica Inc,2025,4,2025_Q4,0.0,0.0,0.0,0.0,0.0,0.0,0.0,0.0,0.0,0.0,0.0,0.0,0.0,0.0,0.0,1
COF,Capital One Financial Corp,2024,1,2024_Q1,0.0,1.0,1.0,1.0,1.0,1.0,1.0,1.0,1.0,1.0,8.0,2.0,6.0,0.75,27.291666666666664,2
COF,Capital One Financial Corp,2024,2,2024_Q2,1.0,6.0,3.0,6.0,5.0,5.0,3.0,4.0,7.0,2.0,40.0,7.0,33.0,0.825,78.69817073170732,4
COF,Capital One Financial Corp,2024,3,2024_Q3,0.0,1.0,1.0,1.0,1.0,1.0,1.0,1.0,1.0,1.0,8.0,2.0,6.0,0.75,33.05555555555555,2
COF,Capital One Financial Corp,2024,4,2024_Q4,0.0,19.0,19.0,19.0,19.0,19.0,19.0,19.0,19.0,1.0,152.0,38.0,114.0,0.75,78.4,4
COF,Capital One Financial Corp,2025,1,2025_Q1,0.0,9.0,7.0,8.0,8.0,5.0,4.0,4.0,2.0,2.0,47.0,11.0,36.0,0.7659574468085106,71.1111111111111,4
COF,Capital One Financial Corp,2025,2,2025_Q2,1.0,26.0,24.0,28.0,25.0,24.0,25.0,27.0,23.0,2.0,203.0,50.0,153.0,0.7536945812807881,95.47619047619048,5
COF,Capital One Financial Corp,2025,3,2025_Q3,0.0,7.0,7.0,7.0,7.0,7.0,6.0,7.0,7.0,2.0,55.0,13.0,42.0,0.7636363636363637,76.54411764705883,4
COF,Capital One Financial Corp,2025,4,2025_Q4,0.0,40.0,38.0,41.0,39.0,35.0,37.0,39.0,38.0,2.0,307.0,75.0,232.0,0.755700325732899,95.88235294117646,5
COLB,"Columbia Banking System, Inc.",2024,1,2024_Q1,0.0,0.0,0.0,0.0,0.0,0.0,0.0,0.0,0.0,0.0,0.0,0.0,0.0,0.0,0.0,1
COLB,"Columbia Banking System, Inc.",2024,2,2024_Q2,0.0,8.0,2.0,8.0,6.0,8.0,2.0,8.0,4.0,2.0,46.0,4.0,42.0,0.9130434782608695,82.01371951219512,5
COLB,"Columbia Banking System, Inc.",2024,3,2024_Q3,0.0,1.0,0.0,1.0,1.0,1.0,0.0,0.0,1.0,1.0,5.0,0.0,5.0,1.0,20.0,1
COLB,"Columbia Banking System, Inc.",2024,4,2024_Q4,0.0,4.0,3.0,4.0,4.0,4.0,3.0,3.0,4.0,2.0,29.0,6.0,23.0,0.7931034482758621,38.80000000000001,2
COLB,"Columbia Banking System, Inc.",2025,1,2025_Q1,0.0,0.0,0.0,0.0,0.0,0.0,0.0,0.0,0.0,0.0,0.0,0.0,0.0,0.0,0.0,1
COLB,"Columbia Banking System, Inc.",2025,2,2025_Q2,0.0,3.0,2.0,2.0,0.0,2.0,1.0,2.0,2.0,2.0,14.0,3.0,11.0,0.7857142857142857,43.69047619047619,3
COLB,"Columbia Banking System, Inc.",2025,3,2025_Q3,0.0,0.0,0.0,0.0,0.0,0.0,0.0,0.0,0.0,0.0,0.0,0.0,0.0,0.0,0.0,1
COLB,"Columbia Banking System, Inc.",2025,4,2025_Q4,0.0,0.0,0.0,0.0,0.0,0.0,0.0,0.0,0.0,0.0,0.0,0.0,0.0,0.0,0.0,1
DFS,Discover Financial Services,2024,1,2024_Q1,0.0,0.0,0.0,0.0,0.0,0.0,0.0,0.0,0.0,0.0,0.0,0.0,0.0,0.0,0.0,1
DFS,Discover Financial Services,2024,2,2024_Q2,0.0,3.0,6.0,3.0,3.0,7.0,4.0,7.0,3.0,2.0,36.0,10.0,26.0,0.7222222222222222,71.08689024390243,4
DFS,Discover Financial Services,2024,3,2024_Q3,0.0,0.0,0.0,0.0,0.0,0.0,0.0,0.0,0.0,0.0,0.0,0.0,0.0,0.0,0.0,1
DFS,Discover Financial Services,2024,4,2024_Q4,0.0,6.0,7.0,6.0,7.0,6.0,7.0,7.0,6.0,1.0,52.0,14.0,38.0,0.7307692307692307,44.65,3
DFS,Discover Financial Services,2025,1,2025_Q1,0.0,2.0,0.0,2.0,2.0,2.0,0.0,0.0,2.0,1.0,10.0,0.0,10.0,1.0,36.2037037037037,2
DFS,Discover Financial Services,2025,2,2025_Q2,0.0,2.0,0.0,2.0,2.0,0.0,0.0,2.0,0.0,1.0,8.0,0.0,8.0,1.0,21.428571428571427,2
DFS,Discover Financial Services,2025,3,2025_Q3,0.0,0.0,0.0,0.0,0.0,0.0,0.0,0.0,0.0,0.0,0.0,0.0,0.0,0.0,0.0,1
DFS,Discover Financial Services,2025,4,2025_Q4,0.0,0.0,0.0,0.0,0.0,0.0,0.0,0.0,0.0,0.0,0.0,0.0,0.0,0.0,0.0,1
EWBC,East West Bancorp Inc,2024,1,2024_Q1,0.0,0.0,0.0,0.0,0.0,0.0,0.0,0.0,0.0,0.0,0.0,0.0,0.0,0.0,0.0,1
EWBC,East West Bancorp Inc,2024,2,2024_Q2,0.0,6.0,1.0,6.0,6.0,6.0,1.0,7.0,2.0,2.0,35.0,2.0,33.0,0.9428571428571428,69.97865853658537,4
EWBC,East West Bancorp Inc,2024,3,2024_Q3,0.0,1.0,0.0,1.0,1.0,0.0,0.0,0.0,1.0,1.0,4.0,0.0,4.0,1.0,12.592592592592592,1
EWBC,East West Bancorp Inc,2024,4,2024_Q4,0.0,1.0,0.0,1.0,1.0,0.0,0.0,0.0,1.0,1.0,4.0,0.0,4.0,1.0,8.0,1
EWBC,East West Bancorp Inc,2025,1,2025_Q1,0.0,0.0,0.0,0.0,0.0,0.0,0.0,0.0,0.0,0.0,0.0,0.0,0.0,0.0,0.0,1
EWBC,East West Bancorp Inc,2025,2,2025_Q2,0.0,0.0,2.0,2.0,0.0,0.0,2.0,2.0,0.0,1.0,8.0,4.0,4.0,0.5,19.285714285714285,1
EWBC,East West Bancorp Inc,2025,3,2025_Q3,0.0,0.0,0.0,0.0,0.0,0.0,0.0,0.0,0.0,0.0,0.0,0.0,0.0,0.0,0.0,1
EWBC,East West Bancorp Inc,2025,4,2025_Q4,0.0,1.0,0.0,0.0,0.0,1.0,0.0,0.0,0.0,1.0,2.0,0.0,2.0,1.0,9.411764705882353,1
FCNCA,First Citizens Bancshares Inc,2024,1,2024_Q1,0.0,0.0,0.0,0.0,0.0,0.0,0.0,0.0,0.0,0.0,0.0,0.0,0.0,0.0,0.0,1
FCNCA,First Citizens Bancshares Inc,2024,2,2024_Q2,0.0,0.0,0.0,0.0,0.0,0.0,0.0,0.0,0.0,0.0,0.0,0.0,0.0,0.0,0.0,1
FCNCA,First Citizens Bancshares Inc,2024,3,2024_Q3,0.0,0.0,0.0,0.0,0.0,0.0,0.0,0.0,0.0,0.0,0.0,0.0,0.0,0.0,0.0,1
FCNCA,First Citizens Bancshares Inc,2024,4,2024_Q4,0.0,6.0,7.0,7.0,7.0,6.0,6.0,6.0,6.0,1.0,51.0,13.0,38.0,0.7450980392156863,43.35,3
FCNCA,First Citizens Bancshares Inc,2025,1,2025_Q1,0.0,0.0,0.0,0.0,0.0,0.0,0.0,0.0,0.0,0.0,0.0,0.0,0.0,0.0,0.0,1
FCNCA,First Citizens Bancshares Inc,2025,2,2025_Q2,0.0,3.0,1.0,7.0,7.0,4.0,0.0,5.0,5.0,1.0,32.0,1.0,31.0,0.96875,58.39285714285715,3
FCNCA,First Citizens Bancshares Inc,2025,3,2025_Q3,0.0,3.0,1.0,7.0,7.0,4.0,0.0,5.0,5.0,1.0,32.0,1.0,31.0,0.96875,51.17647058823529,3
FCNCA,First Citizens Bancshares Inc,2025,4,2025_Q4,0.0,0.0,0.0,0.0,0.0,0.0,0.0,0.0,0.0,0.0,0.0,0.0,0.0,0.0,0.0,1
FHN,First Horizon Corp,2024,1,2024_Q1,0.0,0.0,0.0,0.0,0.0,0.0,0.0,0.0,0.0,0.0,0.0,0.0,0.0,0.0,0.0,1
FHN,First Horizon Corp,2024,2,2024_Q2,0.0,6.0,6.0,7.0,5.0,5.0,3.0,3.0,0.0,1.0,35.0,9.0,26.0,0.7428571428571429,57.91615853658537,3
FHN,First Horizon Corp,2024,3,2024_Q3,0.0,0.0,0.0,0.0,0.0,0.0,0.0,0.0,0.0,0.0,0.0,0.0,0.0,0.0,0.0,1
FHN,First Horizon Corp,2024,4,2024_Q4,0.0,2.0,3.0,3.0,2.0,1.0,2.0,6.0,6.0,1.0,25.0,5.0,20.0,0.8,26.900000000000006,2
FHN,First Horizon Corp,2025,1,2025_Q1,0.0,0.0,0.0,0.0,0.0,0.0,0.0,0.0,0.0,0.0,0.0,0.0,0.0,0.0,0.0,1
FHN,First Horizon Corp,2025,2,2025_Q2,0.0,0.0,2.0,2.0,2.0,2.0,1.0,2.0,1.0,1.0,12.0,3.0,9.0,0.75,28.154761904761905,2
FHN,First Horizon Corp,2025,3,2025_Q3,0.0,0.0,0.0,0.0,0.0,0.0,0.0,0.0,0.0,0.0,0.0,0.0,0.0,0.0,0.0,1
FHN,First Horizon Corp,2025,4,2025_Q4,0.0,0.0,0.0,0.0,0.0,0.0,0.0,0.0,0.0,0.0,0.0,0.0,0.0,0.0,0.0,1
FITB,Fifth Third Bancorp,2024,1,2024_Q1,0.0,0.0,0.0,0.0,0.0,0.0,0.0,0.0,0.0,0.0,0.0,0.0,0.0,0.0,0.0,1
FITB,Fifth Third Bancorp,2024,2,2024_Q2,0.0,0.0,0.0,0.0,0.0,0.0,0.0,0.0,0.0,0.0,0.0,0.0,0.0,0.0,0.0,1
FITB,Fifth Third Bancorp,2024,3,2024_Q3,0.0,1.0,0.0,1.0,1.0,1.0,0.0,0.0,1.0,1.0,5.0,0.0,5.0,1.0,20.0,1
FITB,Fifth Third Bancorp,2024,4,2024_Q4,22.0,44.0,17.0,44.0,42.0,46.0,7.0,46.0,46.0,2.0,314.0,46.0,268.0,0.8535031847133758,93.50000000000001,5
FITB,Fifth Third Bancorp,2025,1,2025_Q1,0.0,1.0,0.0,1.0,1.0,1.0,1.0,1.0,1.0,1.0,7.0,1.0,6.0,0.8571428571428571,20.462962962962962,2
FITB,Fifth Third Bancorp,2025,2,2025_Q2,0.0,2.0,0.0,2.0,2.0,2.0,1.0,1.0,2.0,2.0,12.0,1.0,11.0,0.9166666666666666,39.047619047619044,2
FITB,Fifth Third Bancorp,2025,3,2025_Q3,0.0,1.0,0.0,1.0,1.0,1.0,1.0,1.0,1.0,1.0,7.0,1.0,6.0,0.8571428571428571,27.205882352941178,2
FITB,Fifth Third Bancorp,2025,4,2025_Q4,0.0,5.0,4.0,5.0,6.0,5.0,4.0,2.0,0.0,1.0,31.0,8.0,23.0,0.7419354838709677,36.25,2
FLG,"Flagstar Financial, Inc.",2024,1,2024_Q1,0.0,16.0,16.0,16.0,16.0,16.0,5.0,5.0,16.0,1.0,106.0,21.0,85.0,0.8018867924528302,79.58333333333333,4
FLG,"Flagstar Financial, Inc.",2024,2,2024_Q2,23.0,24.0,24.0,24.0,26.0,26.0,23.0,24.0,26.0,2.0,220.0,70.0,150.0,0.6818181818181818,92.42073170731707,5
FLG,"Flagstar Financial, Inc.",2024,3,2024_Q3,0.0,0.0,0.0,0.0,0.0,0.0,0.0,0.0,0.0,0.0,0.0,0.0,0.0,0.0,0.0,1
FLG,"Flagstar Financial, Inc.",2024,4,2024_Q4,0.0,5.0,1.0,6.0,4.0,3.0,1.0,4.0,0.0,1.0,24.0,2.0,22.0,0.9166666666666666,25.25,2
FLG,"Flagstar Financial, Inc.",2025,1,2025_Q1,0.0,0.0,0.0,0.0,0.0,0.0,0.0,0.0,0.0,0.0,0.0,0.0,0.0,0.0,0.0,1
FLG,"Flagstar Financial, Inc.",2025,2,2025_Q2,0.0,0.0,0.0,0.0,0.0,0.0,0.0,0.0,0.0,0.0,0.0,0.0,0.0,0.0,0.0,1
FLG,"Flagstar Financial, Inc.",2025,3,2025_Q3,0.0,0.0,3.0,4.0,4.0,4.0,0.0,1.0,1.0,1.0,17.0,3.0,14.0,0.8235294117647058,39.705882352941174,2
FLG,"Flagstar Financial, Inc.",2025,4,2025_Q4,0.0,0.0,0.0,0.0,0.0,0.0,0.0,0.0,0.0,0.0,0.0,0.0,0.0,0.0,0.0,1
FNB,Fnb Corp,2024,1,2024_Q1,0.0,0.0,0.0,1.0,2.0,2.0,0.0,1.0,1.0,1.0,7.0,0.0,7.0,1.0,22.083333333333336,2
FNB,Fnb Corp,2024,2,2024_Q2,0.0,3.0,1.0,5.0,5.0,4.0,0.0,2.0,5.0,2.0,25.0,1.0,24.0,0.96,58.25914634146342,3
FNB,Fnb Corp,2024,3,2024_Q3,0.0,1.0,2.0,3.0,3.0,3.0,0.0,1.0,2.0,1.0,15.0,2.0,13.0,0.8666666666666667,51.11111111111111,3
FNB,Fnb Corp,2024,4,2024_Q4,0.0,2.0,2.0,3.0,4.0,4.0,2.0,3.0,3.0,2.0,23.0,4.0,19.0,0.8260869565217391,32.7,2
FNB,Fnb Corp,2025,1,2025_Q1,0.0,7.0,5.0,6.0,6.0,3.0,2.0,2.0,0.0,1.0,31.0,7.0,24.0,0.7741935483870968,54.629629629629626,3
FNB,Fnb Corp,2025,2,2025_Q2,0.0,7.0,8.0,9.0,5.0,6.0,4.0,4.0,1.0,2.0,44.0,12.0,32.0,0.7272727272727273,75.11904761904762,4
FNB,Fnb Corp,2025,3,2025_Q3,0.0,5.0,6.0,9.0,14.0,13.0,4.0,7.0,6.0,2.0,64.0,10.0,54.0,0.84375,82.20588235294116,5
FNB,Fnb Corp,2025,4,2025_Q4,0.0,0.0,0.0,1.0,2.0,2.0,0.0,1.0,1.0,1.0,7.0,0.0,7.0,1.0,17.647058823529413,1
GS,Goldman Sachs Group Inc,2024,1,2024_Q1,0.0,1.0,2.0,2.0,3.0,2.0,2.0,2.0,1.0,1.0,15.0,4.0,11.0,0.7333333333333333,46.35416666666667,3
GS,Goldman Sachs Group Inc,2024,2,2024_Q2,0.0,1.0,3.0,2.0,4.0,2.0,2.0,2.0,1.0,1.0,17.0,5.0,12.0,0.7058823529411765,39.89786585365854,2
GS,Goldman Sachs Group Inc,2024,3,2024_Q3,0.0,1.0,3.0,2.0,4.0,3.0,3.0,3.0,1.0,1.0,20.0,6.0,14.0,0.7,56.481481481481474,3
GS,Goldman Sachs Group Inc,2024,4,2024_Q4,0.0,12.0,8.0,14.0,21.0,22.0,14.0,19.0,9.0,2.0,119.0,22.0,97.0,0.8151260504201681,84.55000000000001,5
GS,Goldman Sachs Group Inc,2025,1,2025_Q1,0.0,1.0,4.0,1.0,4.0,4.0,4.0,3.0,1.0,1.0,22.0,8.0,14.0,0.6363636363636364,46.01851851851852,3
GS,Goldman Sachs Group Inc,2025,2,2025_Q2,0.0,7.0,10.0,9.0,13.0,12.0,4.0,8.0,2.0,2.0,65.0,14.0,51.0,0.7846153846153846,80.5952380952381,5
GS,Goldman Sachs Group Inc,2025,3,2025_Q3,0.0,2.0,7.0,6.0,9.0,9.0,4.0,4.0,2.0,2.0,43.0,11.0,32.0,0.7441860465116279,70.44117647058825,4
GS,Goldman Sachs Group Inc,2025,4,2025_Q4,0.0,4.0,0.0,4.0,6.0,6.0,0.0,4.0,4.0,1.0,28.0,0.0,28.0,1.0,35.0,2
HBAN,Huntington Bancshares Inc,2024,1,2024_Q1,0.0,0.0,0.0,0.0,0.0,0.0,0.0,0.0,0.0,0.0,0.0,0.0,0.0,0.0,0.0,1
HBAN,Huntington Bancshares Inc,2024,2,2024_Q2,0.0,3.0,3.0,3.0,2.0,1.0,1.0,2.0,2.0,1.0,17.0,4.0,13.0,0.7647058823529411,40.46036585365854,3
HBAN,Huntington Bancshares Inc,2024,3,2024_Q3,0.0,0.0,0.0,0.0,0.0,0.0,0.0,0.0,0.0,0.0,0.0,0.0,0.0,0.0,0.0,1
HBAN,Huntington Bancshares Inc,2024,4,2024_Q4,0.0,5.0,6.0,0.0,5.0,5.0,5.0,5.0,5.0,1.0,36.0,11.0,25.0,0.6944444444444444,36.35,2
HBAN,Huntington Bancshares Inc,2025,1,2025_Q1,0.0,1.0,0.0,0.0,0.0,0.0,0.0,0.0,0.0,1.0,1.0,0.0,1.0,1.0,10.74074074074074,1
HBAN,Huntington Bancshares Inc,2025,2,2025_Q2,0.0,2.0,3.0,1.0,2.0,2.0,3.0,3.0,2.0,1.0,18.0,6.0,12.0,0.6666666666666666,41.13095238095239,3
HBAN,Huntington Bancshares Inc,2025,3,2025_Q3,0.0,1.0,1.0,1.0,1.0,0.0,1.0,1.0,1.0,1.0,7.0,2.0,5.0,0.7142857142857143,25.88235294117647,2
HBAN,Huntington Bancshares Inc,2025,4,2025_Q4,0.0,8.0,7.0,5.0,9.0,8.0,7.0,7.0,8.0,2.0,59.0,14.0,45.0,0.7627118644067796,59.70588235294118,3
JPM,Jpmorgan Chase & Co,2024,1,2024_Q1,0.0,0.0,0.0,0.0,0.0,0.0,0.0,0.0,0.0,0.0,0.0,0.0,0.0,0.0,0.0,1
JPM,Jpmorgan Chase & Co,2024,2,2024_Q2,0.0,6.0,8.0,5.0,5.0,4.0,4.0,3.0,1.0,2.0,36.0,12.0,24.0,0.6666666666666666,70.14939024390243,4
JPM,Jpmorgan Chase & Co,2024,3,2024_Q3,0.0,0.0,3.0,3.0,3.0,3.0,0.0,3.0,3.0,1.0,18.0,3.0,15.0,0.8333333333333334,54.62962962962963,3
JPM,Jpmorgan Chase & Co,2024,4,2024_Q4,0.0,6.0,8.0,5.0,8.0,8.0,8.0,9.0,8.0,1.0,60.0,16.0,44.0,0.7333333333333333,49.45,3
JPM,Jpmorgan Chase & Co,2025,1,2025_Q1,0.0,8.0,1.0,11.0,12.0,11.0,3.0,10.0,12.0,1.0,68.0,4.0,64.0,0.9411764705882353,73.51851851851852,4
JPM,Jpmorgan Chase & Co,2025,2,2025_Q2,0.0,25.0,23.0,20.0,14.0,16.0,19.0,7.0,15.0,2.0,139.0,42.0,97.0,0.697841726618705,93.57142857142857,5
JPM,Jpmorgan Chase & Co,2025,3,2025_Q3,0.0,12.0,5.0,11.0,14.0,10.0,4.0,10.0,10.0,1.0,76.0,9.0,67.0,0.881578947368421,77.3529411764706,4
JPM,Jpmorgan Chase & Co,2025,4,2025_Q4,0.0,12.0,13.0,16.0,14.0,11.0,11.0,14.0,8.0,2.0,99.0,24.0,75.0,0.7575757575757576,70.0,4
KEY,Keycorp,2024,1,2024_Q1,0.0,0.0,0.0,0.0,0.0,0.0,0.0,0.0,0.0,0.0,0.0,0.0,0.0,0.0,0.0,1
KEY,Keycorp,2024,2,2024_Q2,0.0,0.0,0.0,0.0,0.0,0.0,0.0,0.0,0.0,0.0,0.0,0.0,0.0,0.0,0.0,1
KEY,Keycorp,2024,3,2024_Q3,0.0,0.0,0.0,0.0,0.0,0.0,0.0,0.0,0.0,0.0,0.0,0.0,0.0,0.0,0.0,1
KEY,Keycorp,2024,4,2024_Q4,0.0,4.0,4.0,4.0,4.0,4.0,4.0,4.0,4.0,1.0,32.0,8.0,24.0,0.75,31.85,2
KEY,Keycorp,2025,1,2025_Q1,0.0,9.0,7.0,14.0,7.0,8.0,6.0,7.0,6.0,1.0,64.0,13.0,51.0,0.796875,67.31481481481482,4
KEY,Keycorp,2025,2,2025_Q2,0.0,1.0,1.0,1.0,0.0,1.0,1.0,1.0,1.0,1.0,7.0,2.0,5.0,0.7142857142857143,15.357142857142858,1
KEY,Keycorp,2025,3,2025_Q3,0.0,0.0,0.0,0.0,0.0,0.0,0.0,0.0,0.0,0.0,0.0,0.0,0.0,0.0,0.0,1
KEY,Keycorp,2025,4,2025_Q4,0.0,17.0,15.0,22.0,15.0,16.0,14.0,15.0,14.0,2.0,128.0,29.0,99.0,0.7734375,77.5,4
MS,Morgan Stanley,2024,1,2024_Q1,0.0,40.0,24.0,40.0,40.0,40.0,24.0,40.0,40.0,1.0,288.0,48.0,240.0,0.8333333333333334,86.25,5
MS,Morgan Stanley,2024,2,2024_Q2,0.0,41.0,24.0,41.0,41.0,40.0,24.0,40.0,41.0,2.0,292.0,48.0,244.0,0.8356164383561644,94.38109756097562,5
MS,Morgan Stanley,2024,3,2024_Q3,0.0,42.0,42.0,42.0,42.0,42.0,22.0,42.0,42.0,1.0,316.0,64.0,252.0,0.7974683544303798,88.14814814814815,5
MS,Morgan Stanley,2024,4,2024_Q4,0.0,44.0,29.0,44.0,44.0,44.0,29.0,44.0,44.0,2.0,322.0,58.0,264.0,0.8198757763975155,94.5,5
MS,Morgan Stanley,2025,1,2025_Q1,16.0,40.0,0.0,40.0,40.0,24.0,40.0,40.0,40.0,1.0,280.0,56.0,224.0,0.8,84.81481481481481,5
MS,Morgan Stanley,2025,2,2025_Q2,0.0,1.0,3.0,5.0,3.0,0.0,2.0,0.0,3.0,2.0,17.0,5.0,12.0,0.7058823529411765,49.583333333333336,3
MS,Morgan Stanley,2025,3,2025_Q3,23.0,42.0,23.0,42.0,42.0,42.0,42.0,42.0,42.0,1.0,340.0,88.0,252.0,0.7411764705882353,86.76470588235294,5
MS,Morgan Stanley,2025,4,2025_Q4,0.0,14.0,13.0,23.0,19.0,20.0,10.0,17.0,14.0,2.0,130.0,23.0,107.0,0.823076923076923,79.85294117647058,4
MTB,M&T Bank Corp,2024,1,2024_Q1,0.0,0.0,0.0,0.0,0.0,0.0,0.0,0.0,0.0,0.0,0.0,0.0,0.0,0.0,0.0,1
MTB,M&T Bank Corp,2024,2,2024_Q2,0.0,2.0,2.0,2.0,0.0,0.0,2.0,0.0,2.0,1.0,10.0,4.0,6.0,0.6,27.76067073170732,2
MTB,M&T Bank Corp,2024,3,2024_Q3,0.0,0.0,0.0,0.0,0.0,0.0,0.0,0.0,0.0,0.0,0.0,0.0,0.0,0.0,0.0,1
MTB,M&T Bank Corp,2024,4,2024_Q4,0.0,8.0,9.0,9.0,8.0,8.0,8.0,9.0,8.0,1.0,67.0,17.0,50.0,0.746268656716418,56.65,3
MTB,M&T Bank Corp,2025,1,2025_Q1,0.0,0.0,0.0,0.0,0.0,0.0,0.0,0.0,0.0,0.0,0.0,0.0,0.0,0.0,0.0,1
MTB,M&T Bank Corp,2025,2,2025_Q2,0.0,2.0,2.0,2.0,0.0,0.0,2.0,0.0,2.0,1.0,10.0,4.0,6.0,0.6,23.80952380952381,2
MTB,M&T Bank Corp,2025,3,2025_Q3,0.0,0.0,0.0,1.0,0.0,0.0,0.0,0.0,0.0,1.0,1.0,0.0,1.0,1.0,9.11764705882353,1
MTB,M&T Bank Corp,2025,4,2025_Q4,0.0,9.0,10.0,10.0,9.0,9.0,9.0,10.0,9.0,1.0,75.0,19.0,56.0,0.7466666666666667,52.941176470588246,3
NTRS,Northern Trust Corp,2024,1,2024_Q1,0.0,12.0,12.0,12.0,12.0,12.0,6.0,6.0,12.0,1.0,84.0,18.0,66.0,0.7857142857142857,72.91666666666666,4
NTRS,Northern Trust Corp,2024,2,2024_Q2,0.0,4.0,4.0,4.0,5.0,8.0,3.0,5.0,5.0,1.0,38.0,7.0,31.0,0.8157894736842105,65.19512195121952,4
NTRS,Northern Trust Corp,2024,3,2024_Q3,0.0,42.0,42.0,42.0,42.0,42.0,22.0,42.0,42.0,1.0,316.0,64.0,252.0,0.7974683544303798,88.14814814814815,5
NTRS,Northern Trust Corp,2024,4,2024_Q4,0.0,16.0,19.0,17.0,23.0,21.0,13.0,17.0,15.0,2.0,141.0,32.0,109.0,0.7730496453900709,86.80000000000001,5
NTRS,Northern Trust Corp,2025,1,2025_Q1,0.0,12.0,12.0,12.0,12.0,12.0,6.0,6.0,12.0,1.0,84.0,18.0,66.0,0.7857142857142857,78.88888888888889,4
NTRS,Northern Trust Corp,2025,2,2025_Q2,0.0,4.0,5.0,5.0,6.0,9.0,4.0,6.0,5.0,2.0,44.0,9.0,35.0,0.7954545454545454,75.65476190476191,4
NTRS,Northern Trust Corp,2025,3,2025_Q3,0.0,5.0,4.0,5.0,5.0,5.0,0.0,5.0,4.0,1.0,33.0,4.0,29.0,0.8787878787878788,52.941176470588246,3
NTRS,Northern Trust Corp,2025,4,2025_Q4,0.0,0.0,0.0,0.0,0.0,0.0,0.0,0.0,0.0,0.0,0.0,0.0,0.0,0.0,0.0,1
ONB,Old National Bancorp,2024,1,2024_Q1,0.0,0.0,0.0,0.0,0.0,0.0,0.0,0.0,0.0,0.0,0.0,0.0,0.0,0.0,0.0,1
ONB,Old National Bancorp,2024,2,2024_Q2,0.0,0.0,0.0,0.0,0.0,0.0,0.0,0.0,0.0,0.0,0.0,0.0,0.0,0.0,0.0,1
ONB,Old National Bancorp,2024,3,2024_Q3,0.0,1.0,0.0,1.0,1.0,1.0,0.0,0.0,1.0,1.0,5.0,0.0,5.0,1.0,20.0,1
ONB,Old National Bancorp,2024,4,2024_Q4,0.0,1.0,1.0,1.0,1.0,1.0,1.0,1.0,1.0,1.0,8.0,2.0,6.0,0.75,10.4,1
ONB,Old National Bancorp,2025,1,2025_Q1,0.0,0.0,0.0,0.0,0.0,0.0,0.0,0.0,0.0,0.0,0.0,0.0,0.0,0.0,0.0,1
ONB,Old National Bancorp,2025,2,2025_Q2,0.0,0.0,0.0,1.0,0.0,0.0,0.0,0.0,1.0,1.0,2.0,0.0,2.0,1.0,7.55952380952381,1
ONB,Old National Bancorp,2025,3,2025_Q3,0.0,2.0,2.0,2.0,2.0,2.0,2.0,0.0,2.0,1.0,14.0,4.0,10.0,0.7142857142857143,36.1764705882353,2
ONB,Old National Bancorp,2025,4,2025_Q4,0.0,11.0,11.0,13.0,13.0,13.0,8.0,13.0,11.0,2.0,93.0,19.0,74.0,0.7956989247311828,65.73529411764706,4
PB,Prosperity Bancshares Inc,2024,1,2024_Q1,0.0,0.0,0.0,0.0,0.0,0.0,0.0,0.0,0.0,0.0,0.0,0.0,0.0,0.0,0.0,1
PB,Prosperity Bancshares Inc,2024,2,2024_Q2,0.0,0.0,0.0,0.0,0.0,0.0,0.0,0.0,0.0,0.0,0.0,0.0,0.0,0.0,0.0,1
PB,Prosperity Bancshares Inc,2024,3,2024_Q3,0.0,0.0,0.0,0.0,0.0,0.0,0.0,0.0,0.0,0.0,0.0,0.0,0.0,0.0,0.0,1
PB,Prosperity Bancshares Inc,2024,4,2024_Q4,0.0,5.0,5.0,5.0,5.0,5.0,4.0,5.0,5.0,1.0,39.0,9.0,30.0,0.7692307692307693,38.55,2
PB,Prosperity Bancshares Inc,2025,1,2025_Q1,0.0,1.0,1.0,1.0,1.0,1.0,0.0,1.0,1.0,1.0,7.0,1.0,6.0,0.8571428571428571,20.462962962962962,2
PB,Prosperity Bancshares Inc,2025,2,2025_Q2,0.0,1.0,1.0,1.0,1.0,1.0,0.0,1.0,1.0,1.0,7.0,1.0,6.0,0.8571428571428571,16.071428571428573,1
PB,Prosperity Bancshares Inc,2025,3,2025_Q3,0.0,1.0,1.0,1.0,1.0,1.0,0.0,1.0,1.0,1.0,7.0,1.0,6.0,0.8571428571428571,27.205882352941178,2
PB,Prosperity Bancshares Inc,2025,4,2025_Q4,0.0,0.0,0.0,0.0,0.0,0.0,0.0,0.0,0.0,0.0,0.0,0.0,0.0,0.0,0.0,1
PNC,"Pnc Financial Services Group, Inc.",2024,1,2024_Q1,12.0,12.0,12.0,12.0,12.0,12.0,0.0,12.0,12.0,1.0,96.0,24.0,72.0,0.75,76.25000000000001,4
PNC,"Pnc Financial Services Group, Inc.",2024,2,2024_Q2,0.0,6.0,6.0,5.0,5.0,2.0,1.0,0.0,2.0,1.0,27.0,7.0,20.0,0.7407407407407407,48.71951219512196,3
PNC,"Pnc Financial Services Group, Inc.",2024,3,2024_Q3,0.0,11.0,11.0,11.0,11.0,11.0,11.0,11.0,11.0,1.0,88.0,22.0,66.0,0.75,80.74074074074073,5
PNC,"Pnc Financial Services Group, Inc.",2024,4,2024_Q4,0.0,6.0,7.0,7.0,7.0,7.0,6.0,7.0,6.0,1.0,53.0,13.0,40.0,0.7547169811320755,46.4,3
PNC,"Pnc Financial Services Group, Inc.",2025,1,2025_Q1,0.0,10.0,1.0,10.0,8.0,8.0,3.0,11.0,0.0,1.0,51.0,4.0,47.0,0.9215686274509803,64.07407407407408,4
PNC,"Pnc Financial Services Group, Inc.",2025,2,2025_Q2,0.0,2.0,3.0,5.0,4.0,4.0,0.0,2.0,2.0,2.0,22.0,3.0,19.0,0.8636363636363636,60.00000000000001,4
PNC,"Pnc Financial Services Group, Inc.",2025,3,2025_Q3,0.0,6.0,9.0,11.0,16.0,13.0,4.0,7.0,6.0,2.0,72.0,13.0,59.0,0.8194444444444444,85.00000000000001,5
PNC,"Pnc Financial Services Group, Inc.",2025,4,2025_Q4,0.0,12.0,13.0,20.0,18.0,16.0,10.0,12.0,10.0,2.0,111.0,23.0,88.0,0.7927927927927928,74.70588235294117,4
PNFP,Pinnacle Financial Partners Inc,2024,1,2024_Q1,0.0,0.0,0.0,0.0,0.0,0.0,0.0,0.0,0.0,0.0,0.0,0.0,0.0,0.0,0.0,1
PNFP,Pinnacle Financial Partners Inc,2024,2,2024_Q2,0.0,0.0,0.0,0.0,0.0,0.0,0.0,0.0,0.0,0.0,0.0,0.0,0.0,0.0,0.0,1
PNFP,Pinnacle Financial Partners Inc,2024,3,2024_Q3,0.0,0.0,0.0,0.0,0.0,0.0,0.0,0.0,0.0,0.0,0.0,0.0,0.0,0.0,0.0,1
PNFP,Pinnacle Financial Partners Inc,2024,4,2024_Q4,0.0,4.0,4.0,4.0,4.0,4.0,3.0,4.0,4.0,2.0,31.0,7.0,24.0,0.7741935483870968,40.550000000000004,3
PNFP,Pinnacle Financial Partners Inc,2025,1,2025_Q1,0.0,0.0,0.0,0.0,0.0,0.0,0.0,0.0,0.0,0.0,0.0,0.0,0.0,0.0,0.0,1
PNFP,Pinnacle Financial Partners Inc,2025,2,2025_Q2,0.0,1.0,1.0,4.0,3.0,2.0,0.0,2.0,0.0,1.0,13.0,1.0,12.0,0.9230769230769231,33.392857142857146,2
PNFP,Pinnacle Financial Partners Inc,2025,3,2025_Q3,0.0,0.0,0.0,0.0,0.0,0.0,0.0,0.0,0.0,0.0,0.0,0.0,0.0,0.0,0.0,1
PNFP,Pinnacle Financial Partners Inc,2025,4,2025_Q4,0.0,0.0,0.0,0.0,0.0,0.0,0.0,0.0,0.0,0.0,0.0,0.0,0.0,0.0,0.0,1
RF,Regions Financial Corp,2024,1,2024_Q1,0.0,0.0,0.0,0.0,0.0,0.0,0.0,0.0,0.0,0.0,0.0,0.0,0.0,0.0,0.0,1
RF,Regions Financial Corp,2024,2,2024_Q2,0.0,4.0,7.0,1.0,1.0,6.0,6.0,6.0,0.0,1.0,31.0,13.0,18.0,0.5806451612903226,49.742378048780495,3
RF,Regions Financial Corp,2024,3,2024_Q3,0.0,0.0,0.0,0.0,0.0,0.0,0.0,0.0,0.0,0.0,0.0,0.0,0.0,0.0,0.0,1
RF,Regions Financial Corp,2024,4,2024_Q4,0.0,5.0,5.0,5.0,5.0,5.0,5.0,5.0,5.0,1.0,40.0,10.0,30.0,0.75,39.85,2
RF,Regions Financial Corp,2025,1,2025_Q1,0.0,5.0,0.0,5.0,6.0,5.0,2.0,2.0,5.0,2.0,30.0,2.0,28.0,0.9333333333333333,62.77777777777778,4
RF,Regions Financial Corp,2025,2,2025_Q2,0.0,9.0,10.0,6.0,6.0,12.0,11.0,12.0,4.0,2.0,70.0,21.0,49.0,0.7,83.33333333333333,5
RF,Regions Financial Corp,2025,3,2025_Q3,1.0,16.0,5.0,19.0,21.0,21.0,2.0,8.0,13.0,2.0,106.0,8.0,98.0,0.9245283018867925,89.70588235294117,5
RF,Regions Financial Corp,2025,4,2025_Q4,0.0,0.0,0.0,0.0,0.0,0.0,0.0,0.0,0.0,0.0,0.0,0.0,0.0,0.0,0.0,1
RJF,Raymond James Financial Inc,2024,1,2024_Q1,0.0,0.0,0.0,0.0,0.0,0.0,0.0,0.0,0.0,0.0,0.0,0.0,0.0,0.0,0.0,1
RJF,Raymond James Financial Inc,2024,2,2024_Q2,0.0,1.0,0.0,0.0,0.0,0.0,0.0,1.0,0.0,1.0,2.0,0.0,2.0,1.0,9.46951219512195,1
RJF,Raymond James Financial Inc,2024,3,2024_Q3,0.0,0.0,0.0,0.0,0.0,0.0,0.0,0.0,0.0,0.0,0.0,0.0,0.0,0.0,0.0,1
RJF,Raymond James Financial Inc,2024,4,2024_Q4,0.0,6.0,4.0,5.0,3.0,6.0,6.0,6.0,6.0,1.0,42.0,10.0,32.0,0.7619047619047619,41.6,3
RJF,Raymond James Financial Inc,2025,1,2025_Q1,0.0,0.0,0.0,0.0,0.0,0.0,0.0,0.0,0.0,0.0,0.0,0.0,0.0,0.0,0.0,1
RJF,Raymond James Financial Inc,2025,2,2025_Q2,0.0,16.0,5.0,6.0,13.0,3.0,2.0,12.0,16.0,1.0,73.0,7.0,66.0,0.9041095890410958,78.03571428571429,4
RJF,Raymond James Financial Inc,2025,3,2025_Q3,0.0,0.0,0.0,0.0,0.0,0.0,0.0,0.0,0.0,0.0,0.0,0.0,0.0,0.0,0.0,1
RJF,Raymond James Financial Inc,2025,4,2025_Q4,0.0,5.0,4.0,3.0,2.0,5.0,5.0,5.0,3.0,1.0,32.0,9.0,23.0,0.71875,38.16176470588235,2
SCHW,Schwab Charles Corp,2024,1,2024_Q1,36.0,36.0,36.0,36.0,36.0,36.0,0.0,0.0,36.0,1.0,252.0,72.0,180.0,0.7142857142857143,82.91666666666666,5
SCHW,Schwab Charles Corp,2024,2,2024_Q2,0.0,0.0,0.0,0.0,0.0,0.0,0.0,0.0,0.0,0.0,0.0,0.0,0.0,0.0,0.0,1
SCHW,Schwab Charles Corp,2024,3,2024_Q3,0.0,0.0,0.0,0.0,0.0,0.0,0.0,0.0,0.0,0.0,0.0,0.0,0.0,0.0,0.0,1
SCHW,Schwab Charles Corp,2024,4,2024_Q4,0.0,0.0,1.0,2.0,1.0,1.0,1.0,2.0,1.0,1.0,9.0,2.0,7.0,0.7777777777777778,12.8,1
SCHW,Schwab Charles Corp,2025,1,2025_Q1,0.0,0.0,0.0,0.0,0.0,0.0,0.0,0.0,0.0,0.0,0.0,0.0,0.0,0.0,0.0,1
SCHW,Schwab Charles Corp,2025,2,2025_Q2,0.0,0.0,0.0,0.0,0.0,0.0,0.0,0.0,0.0,0.0,0.0,0.0,0.0,0.0,0.0,1
SCHW,Schwab Charles Corp,2025,3,2025_Q3,0.0,0.0,0.0,0.0,0.0,0.0,0.0,0.0,0.0,0.0,0.0,0.0,0.0,0.0,0.0,1
SCHW,Schwab Charles Corp,2025,4,2025_Q4,0.0,0.0,0.0,0.0,0.0,0.0,0.0,0.0,0.0,0.0,0.0,0.0,0.0,0.0,0.0,1
SF,Stifel Financial Corp,2024,1,2024_Q1,29.0,43.0,43.0,43.0,43.0,43.0,43.0,43.0,43.0,1.0,373.0,115.0,258.0,0.6916890080428955,89.58333333333333,5
SF,Stifel Financial Corp,2024,2,2024_Q2,0.0,50.0,2.0,48.0,48.0,49.0,49.0,49.0,50.0,2.0,345.0,51.0,294.0,0.8521739130434782,96.34146341463415,5
SF,Stifel Financial Corp,2024,3,2024_Q3,0.0,34.0,34.0,34.0,34.0,34.0,0.0,34.0,34.0,1.0,238.0,34.0,204.0,0.8571428571428571,83.70370370370371,5
SF,Stifel Financial Corp,2024,4,2024_Q4,54.0,59.0,37.0,59.0,59.0,59.0,5.0,59.0,59.0,2.0,450.0,96.0,354.0,0.7866666666666666,96.4,5
SF,Stifel Financial Corp,2025,1,2025_Q1,0.0,0.0,0.0,0.0,0.0,0.0,0.0,0.0,0.0,0.0,0.0,0.0,0.0,0.0,0.0,1
SF,Stifel Financial Corp,2025,2,2025_Q2,0.0,2.0,2.0,0.0,0.0,0.0,1.0,0.0,2.0,1.0,7.0,3.0,4.0,0.5714285714285714,14.642857142857144,1
SF,Stifel Financial Corp,2025,3,2025_Q3,22.0,22.0,22.0,22.0,22.0,22.0,17.0,17.0,17.0,1.0,183.0,61.0,122.0,0.6666666666666666,82.05882352941175,5
SF,Stifel Financial Corp,2025,4,2025_Q4,0.0,2.0,0.0,2.0,2.0,0.0,0.0,0.0,0.0,1.0,6.0,0.0,6.0,1.0,14.117647058823529,1
SNV,Synovus Financial Corp,2024,1,2024_Q1,0.0,0.0,0.0,0.0,0.0,0.0,0.0,0.0,0.0,0.0,0.0,0.0,0.0,0.0,0.0,1
SNV,Synovus Financial Corp,2024,2,2024_Q2,0.0,0.0,0.0,1.0,3.0,3.0,0.0,3.0,0.0,1.0,10.0,0.0,10.0,1.0,29.44817073170732,2
SNV,Synovus Financial Corp,2024,3,2024_Q3,0.0,0.0,0.0,0.0,0.0,0.0,0.0,0.0,0.0,0.0,0.0,0.0,0.0,0.0,0.0,1
SNV,Synovus Financial Corp,2024,4,2024_Q4,0.0,0.0,10.0,9.0,9.0,9.0,9.0,9.0,8.0,1.0,63.0,19.0,44.0,0.6984126984126984,52.05,3
SNV,Synovus Financial Corp,2025,1,2025_Q1,0.0,1.0,1.0,1.0,1.0,1.0,1.0,1.0,1.0,1.0,8.0,2.0,6.0,0.75,27.685185185185183,2
SNV,Synovus Financial Corp,2025,2,2025_Q2,0.0,0.0,2.0,3.0,5.0,5.0,2.0,5.0,2.0,2.0,24.0,4.0,20.0,0.8333333333333334,61.9047619047619,4
SNV,Synovus Financial Corp,2025,3,2025_Q3,0.0,0.0,2.0,2.0,2.0,2.0,2.0,2.0,2.0,1.0,14.0,4.0,10.0,0.7142857142857143,36.1764705882353,2
SNV,Synovus Financial Corp,2025,4,2025_Q4,0.0,0.0,0.0,0.0,0.0,0.0,0.0,0.0,0.0,0.0,0.0,0.0,0.0,0.0,0.0,1
SOFI,"SoFi Technologies, Inc.",2024,1,2024_Q1,0.0,4.0,1.0,8.0,8.0,7.0,3.0,8.0,6.0,2.0,45.0,4.0,41.0,0.9111111111111111,76.25,4
SOFI,"SoFi Technologies, Inc.",2024,2,2024_Q2,0.0,7.0,6.0,10.0,7.0,9.0,5.0,10.0,9.0,2.0,63.0,11.0,52.0,0.8253968253968254,88.5,5
SOFI,"SoFi Technologies, Inc.",2024,3,2024_Q3,0.0,4.0,5.0,8.0,6.0,8.0,3.0,8.0,6.0,1.0,48.0,8.0,40.0,0.8333333333333334,74.81481481481481,4
SOFI,"SoFi Technologies, Inc.",2024,4,2024_Q4,0.0,5.0,6.0,9.0,11.0,12.0,7.0,12.0,8.0,1.0,70.0,13.0,57.0,0.8142857142857143,59.199999999999996,3
SOFI,"SoFi Technologies, Inc.",2025,1,2025_Q1,0.0,1.0,0.0,2.0,2.0,1.0,0.0,1.0,0.0,2.0,7.0,0.0,7.0,1.0,32.407407407407405,2
SOFI,"SoFi Technologies, Inc.",2025,2,2025_Q2,0.0,11.0,11.0,13.0,9.0,13.0,10.0,12.0,11.0,2.0,90.0,21.0,69.0,0.7666666666666667,91.66666666666666,5
SOFI,"SoFi Technologies, Inc.",2025,3,2025_Q3,20.0,28.0,11.0,29.0,40.0,28.0,0.0,18.0,35.0,2.0,209.0,31.0,178.0,0.8516746411483254,94.41176470588236,5
SOFI,"SoFi Technologies, Inc.",2025,4,2025_Q4,0.0,22.0,10.0,22.0,25.0,25.0,12.0,26.0,19.0,2.0,161.0,22.0,139.0,0.8633540372670807,87.35294117647058,5
SSB,SouthState Bank Corp,2024,1,2024_Q1,0.0,0.0,0.0,0.0,0.0,0.0,0.0,0.0,0.0,0.0,0.0,0.0,0.0,0.0,0.0,1
SSB,SouthState Bank Corp,2024,2,2024_Q2,0.0,1.0,1.0,0.0,0.0,1.0,1.0,1.0,0.0,1.0,5.0,2.0,3.0,0.6,17.728658536585364,1
SSB,SouthState Bank Corp,2024,3,2024_Q3,0.0,0.0,0.0,0.0,0.0,0.0,0.0,0.0,0.0,0.0,0.0,0.0,0.0,0.0,0.0,1
SSB,SouthState Bank Corp,2024,4,2024_Q4,0.0,9.0,12.0,12.0,12.0,12.0,12.0,12.0,12.0,1.0,93.0,24.0,69.0,0.7419354838709677,68.5,4
SSB,SouthState Bank Corp,2025,1,2025_Q1,0.0,1.0,1.0,1.0,1.0,1.0,1.0,1.0,1.0,1.0,8.0,2.0,6.0,0.75,27.685185185185183,2
SSB,SouthState Bank Corp,2025,2,2025_Q2,0.0,2.0,2.0,2.0,2.0,2.0,2.0,2.0,2.0,1.0,16.0,4.0,12.0,0.75,37.261904761904766,2
SSB,SouthState Bank Corp,2025,3,2025_Q3,0.0,1.0,1.0,1.0,1.0,1.0,1.0,1.0,1.0,1.0,8.0,2.0,6.0,0.75,31.98529411764706,2
SSB,SouthState Bank Corp,2025,4,2025_Q4,15.0,15.0,16.0,17.0,17.0,16.0,16.0,16.0,16.0,2.0,144.0,47.0,97.0,0.6736111111111112,82.79411764705883,5
STT,State Street Corp,2024,1,2024_Q1,0.0,0.0,1.0,1.0,1.0,1.0,0.0,1.0,0.0,1.0,5.0,1.0,4.0,0.8,12.916666666666668,1
STT,State Street Corp,2024,2,2024_Q2,0.0,1.0,2.0,2.0,2.0,2.0,0.0,3.0,0.0,2.0,12.0,2.0,10.0,0.8333333333333334,43.41158536585366,3
STT,State Street Corp,2024,3,2024_Q3,0.0,0.0,2.0,2.0,2.0,2.0,0.0,2.0,0.0,1.0,10.0,2.0,8.0,0.8,39.537037037037045,2
STT,State Street Corp,2024,4,2024_Q4,0.0,6.0,9.0,8.0,9.0,8.0,9.0,11.0,7.0,2.0,67.0,18.0,49.0,0.7313432835820896,66.05000000000001,4
STT,State Street Corp,2025,1,2025_Q1,0.0,0.0,0.0,1.0,1.0,1.0,0.0,1.0,0.0,1.0,4.0,0.0,4.0,1.0,13.703703703703702,1
STT,State Street Corp,2025,2,2025_Q2,0.0,0.0,1.0,4.0,4.0,4.0,2.0,3.0,2.0,2.0,20.0,3.0,17.0,0.85,56.964285714285715,3
STT,State Street Corp,2025,3,2025_Q3,0.0,0.0,1.0,4.0,4.0,4.0,2.0,3.0,2.0,2.0,20.0,3.0,17.0,0.85,52.05882352941176,3
STT,State Street Corp,2025,4,2025_Q4,0.0,5.0,13.0,13.0,13.0,13.0,13.0,15.0,11.0,1.0,96.0,26.0,70.0,0.7291666666666666,57.20588235294118,3
SYF,Synchrony Financial,2024,1,2024_Q1,0.0,0.0,0.0,0.0,0.0,0.0,0.0,0.0,0.0,0.0,0.0,0.0,0.0,0.0,0.0,1
SYF,Synchrony Financial,2024,2,2024_Q2,0.0,1.0,1.0,0.0,0.0,0.0,1.0,1.0,1.0,1.0,5.0,2.0,3.0,0.6,17.728658536585364,1
SYF,Synchrony Financial,2024,3,2024_Q3,0.0,0.0,0.0,0.0,0.0,0.0,0.0,0.0,0.0,0.0,0.0,0.0,0.0,0.0,0.0,1
SYF,Synchrony Financial,2024,4,2024_Q4,0.0,3.0,3.0,3.0,3.0,3.0,3.0,3.0,3.0,1.0,24.0,6.0,18.0,0.75,24.35,2
SYF,Synchrony Financial,2025,1,2025_Q1,0.0,0.0,0.0,0.0,0.0,0.0,0.0,0.0,0.0,0.0,0.0,0.0,0.0,0.0,0.0,1
SYF,Synchrony Financial,2025,2,2025_Q2,0.0,3.0,3.0,6.0,5.0,4.0,1.0,5.0,5.0,2.0,32.0,4.0,28.0,0.875,68.03571428571429,4
SYF,Synchrony Financial,2025,3,2025_Q3,0.0,0.0,0.0,0.0,0.0,0.0,0.0,0.0,0.0,0.0,0.0,0.0,0.0,0.0,0.0,1
SYF,Synchrony Financial,2025,4,2025_Q4,0.0,14.0,13.0,15.0,14.0,14.0,13.0,11.0,14.0,2.0,108.0,26.0,82.0,0.7592592592592593,72.3529411764706,4
TFC,Truist Financial Corp,2024,1,2024_Q1,0.0,8.0,7.0,7.0,8.0,7.0,0.0,7.0,7.0,1.0,51.0,7.0,44.0,0.8627450980392157,69.58333333333334,4
TFC,Truist Financial Corp,2024,2,2024_Q2,0.0,0.0,1.0,1.0,1.0,0.0,1.0,0.0,0.0,1.0,4.0,2.0,2.0,0.5,13.432926829268293,1
TFC,Truist Financial Corp,2024,3,2024_Q3,0.0,3.0,0.0,3.0,3.0,3.0,3.0,3.0,3.0,1.0,21.0,3.0,18.0,0.8571428571428571,60.27777777777778,4
TFC,Truist Financial Corp,2024,4,2024_Q4,0.0,12.0,9.0,12.0,12.0,12.0,6.0,12.0,12.0,2.0,87.0,15.0,72.0,0.8275862068965517,77.64999999999999,4
TFC,Truist Financial Corp,2025,1,2025_Q1,0.0,0.0,0.0,0.0,0.0,0.0,0.0,0.0,0.0,0.0,0.0,0.0,0.0,0.0,0.0,1
TFC,Truist Financial Corp,2025,2,2025_Q2,0.0,0.0,1.0,1.0,1.0,0.0,1.0,0.0,0.0,1.0,4.0,2.0,2.0,0.5,9.880952380952381,1
TFC,Truist Financial Corp,2025,3,2025_Q3,0.0,0.0,1.0,1.0,1.0,0.0,1.0,0.0,0.0,1.0,4.0,2.0,2.0,0.5,16.25,1
TFC,Truist Financial Corp,2025,4,2025_Q4,0.0,2.0,2.0,5.0,5.0,5.0,0.0,4.0,0.0,1.0,23.0,2.0,21.0,0.9130434782608695,30.808823529411764,2
UMBF,Umb Financial Corp,2024,1,2024_Q1,0.0,0.0,0.0,0.0,0.0,0.0,0.0,0.0,0.0,0.0,0.0,0.0,0.0,0.0,0.0,1
UMBF,Umb Financial Corp,2024,2,2024_Q2,0.0,1.0,1.0,1.0,0.0,0.0,0.0,0.0,0.0,1.0,3.0,1.0,2.0,0.6666666666666666,11.847560975609756,1
UMBF,Umb Financial Corp,2024,3,2024_Q3,0.0,0.0,0.0,0.0,0.0,0.0,0.0,0.0,0.0,0.0,0.0,0.0,0.0,0.0,0.0,1
UMBF,Umb Financial Corp,2024,4,2024_Q4,0.0,1.0,1.0,1.0,1.0,1.0,1.0,1.0,1.0,1.0,8.0,2.0,6.0,0.75,10.4,1
UMBF,Umb Financial Corp,2025,1,2025_Q1,0.0,0.0,0.0,0.0,0.0,0.0,0.0,0.0,0.0,0.0,0.0,0.0,0.0,0.0,0.0,1
UMBF,Umb Financial Corp,2025,2,2025_Q2,0.0,0.0,0.0,0.0,0.0,0.0,0.0,0.0,0.0,0.0,0.0,0.0,0.0,0.0,0.0,1
UMBF,Umb Financial Corp,2025,3,2025_Q3,0.0,0.0,0.0,0.0,0.0,0.0,0.0,0.0,0.0,0.0,0.0,0.0,0.0,0.0,0.0,1
UMBF,Umb Financial Corp,2025,4,2025_Q4,0.0,0.0,0.0,0.0,0.0,0.0,0.0,0.0,0.0,0.0,0.0,0.0,0.0,0.0,0.0,1
USB,Us Bancorp \De\,2024,1,2024_Q1,0.0,0.0,0.0,0.0,0.0,0.0,0.0,0.0,0.0,0.0,0.0,0.0,0.0,0.0,0.0,1
USB,Us Bancorp \De\,2024,2,2024_Q2,0.0,1.0,1.0,0.0,0.0,0.0,1.0,1.0,1.0,1.0,5.0,2.0,3.0,0.6,17.728658536585364,1
USB,Us Bancorp \De\,2024,3,2024_Q3,0.0,0.0,0.0,0.0,0.0,0.0,0.0,0.0,0.0,0.0,0.0,0.0,0.0,0.0,0.0,1
USB,Us Bancorp \De\,2024,4,2024_Q4,0.0,4.0,0.0,4.0,4.0,0.0,0.0,0.0,4.0,1.0,16.0,0.0,16.0,1.0,16.900000000000002,1
USB,Us Bancorp \De\,2025,1,2025_Q1,0.0,0.0,0.0,4.0,4.0,4.0,1.0,1.0,1.0,1.0,15.0,1.0,14.0,0.9333333333333333,43.611111111111114,3
USB,Us Bancorp \De\,2025,2,2025_Q2,0.0,1.0,6.0,2.0,3.0,5.0,6.0,6.0,1.0,1.0,30.0,12.0,18.0,0.6,54.285714285714285,3
USB,Us Bancorp \De\,2025,3,2025_Q3,0.0,0.0,0.0,0.0,0.0,0.0,0.0,0.0,0.0,0.0,0.0,0.0,0.0,0.0,0.0,1
USB,Us Bancorp \De\,2025,4,2025_Q4,0.0,1.0,1.0,5.0,5.0,5.0,2.0,2.0,2.0,2.0,23.0,3.0,20.0,0.8695652173913043,40.36764705882353,3
VLY,Valley National Bancorp,2024,1,2024_Q1,0.0,1.0,1.0,1.0,1.0,1.0,0.0,1.0,0.0,1.0,6.0,1.0,5.0,0.8333333333333334,16.25,1
VLY,Valley National Bancorp,2024,2,2024_Q2,0.0,0.0,1.0,0.0,0.0,0.0,1.0,0.0,0.0,1.0,2.0,2.0,0.0,0.0,8.71951219512195,1
VLY,Valley National Bancorp,2024,3,2024_Q3,0.0,1.0,0.0,1.0,1.0,1.0,0.0,0.0,1.0,1.0,5.0,0.0,5.0,1.0,20.0,1
VLY,Valley National Bancorp,2024,4,2024_Q4,0.0,10.0,10.0,10.0,10.0,10.0,10.0,10.0,10.0,1.0,80.0,20.0,60.0,0.75,65.0,4
VLY,Valley National Bancorp,2025,1,2025_Q1,0.0,0.0,0.0,0.0,0.0,0.0,0.0,0.0,0.0,0.0,0.0,0.0,0.0,0.0,0.0,1
VLY,Valley National Bancorp,2025,2,2025_Q2,0.0,3.0,3.0,3.0,1.0,1.0,0.0,1.0,0.0,1.0,12.0,3.0,9.0,0.75,28.154761904761905,2
VLY,Valley National Bancorp,2025,3,2025_Q3,0.0,1.0,1.0,1.0,1.0,1.0,0.0,1.0,0.0,1.0,6.0,1.0,5.0,0.8333333333333334,21.10294117647059,2
VLY,Valley National Bancorp,2025,4,2025_Q4,0.0,2.0,2.0,2.0,2.0,2.0,0.0,0.0,0.0,1.0,10.0,2.0,8.0,0.8,20.000000000000004,2
WAL,Western Alliance Bancorporation,2024,1,2024_Q1,0.0,0.0,0.0,0.0,0.0,0.0,0.0,0.0,0.0,0.0,0.0,0.0,0.0,0.0,0.0,1
WAL,Western Alliance Bancorporation,2024,2,2024_Q2,0.0,4.0,2.0,4.0,4.0,4.0,0.0,4.0,2.0,1.0,24.0,2.0,22.0,0.9166666666666666,45.92378048780488,3
WAL,Western Alliance Bancorporation,2024,3,2024_Q3,0.0,0.0,0.0,0.0,0.0,0.0,0.0,0.0,0.0,0.0,0.0,0.0,0.0,0.0,0.0,1
WAL,Western Alliance Bancorporation,2024,4,2024_Q4,0.0,9.0,5.0,9.0,9.0,9.0,3.0,7.0,7.0,2.0,58.0,8.0,50.0,0.8620689655172413,59.5,3
WAL,Western Alliance Bancorporation,2025,1,2025_Q1,0.0,0.0,0.0,0.0,0.0,0.0,0.0,0.0,0.0,0.0,0.0,0.0,0.0,0.0,0.0,1
WAL,Western Alliance Bancorporation,2025,2,2025_Q2,0.0,0.0,0.0,1.0,2.0,1.0,0.0,0.0,0.0,1.0,4.0,0.0,4.0,1.0,10.773809523809524,1
WAL,Western Alliance Bancorporation,2025,3,2025_Q3,0.0,3.0,3.0,3.0,3.0,3.0,0.0,3.0,3.0,1.0,21.0,3.0,18.0,0.8571428571428571,44.41176470588235,3
WAL,Western Alliance Bancorporation,2025,4,2025_Q4,0.0,6.0,6.0,6.0,6.0,5.0,6.0,5.0,5.0,1.0,45.0,12.0,33.0,0.7333333333333333,43.52941176470588,3
WBS,Webster Financial Corp,2024,1,2024_Q1,0.0,4.0,4.0,4.0,4.0,3.0,2.0,4.0,4.0,2.0,29.0,6.0,23.0,0.7931034482758621,69.58333333333333,4
WBS,Webster Financial Corp,2024,2,2024_Q2,0.0,8.0,6.0,8.0,8.0,3.0,5.0,8.0,8.0,2.0,54.0,11.0,43.0,0.7962962962962963,84.95426829268293,5
WBS,Webster Financial Corp,2024,3,2024_Q3,0.0,1.0,1.0,1.0,1.0,1.0,0.0,1.0,1.0,1.0,7.0,1.0,6.0,0.8571428571428571,28.240740740740744,2
WBS,Webster Financial Corp,2024,4,2024_Q4,0.0,11.0,11.0,12.0,12.0,7.0,3.0,7.0,11.0,2.0,74.0,14.0,60.0,0.8108108108108109,72.4,4
WBS,Webster Financial Corp,2025,1,2025_Q1,0.0,2.0,2.0,2.0,2.0,2.0,0.0,2.0,2.0,1.0,14.0,2.0,12.0,0.8571428571428571,40.37037037037037,3
WBS,Webster Financial Corp,2025,2,2025_Q2,0.0,1.0,8.0,2.0,3.0,4.0,5.0,5.0,1.0,1.0,29.0,13.0,16.0,0.5517241379310345,51.666666666666664,3
WBS,Webster Financial Corp,2025,3,2025_Q3,0.0,1.0,1.0,1.0,1.0,1.0,0.0,1.0,1.0,1.0,7.0,1.0,6.0,0.8571428571428571,27.205882352941178,2
WBS,Webster Financial Corp,2025,4,2025_Q4,0.0,0.0,0.0,0.0,0.0,0.0,0.0,0.0,0.0,0.0,0.0,0.0,0.0,0.0,0.0,1
WFC,Wells Fargo & Company/Mn,2024,1,2024_Q1,0.0,0.0,0.0,0.0,0.0,0.0,0.0,0.0,0.0,0.0,0.0,0.0,0.0,0.0,0.0,1
WFC,Wells Fargo & Company/Mn,2024,2,2024_Q2,0.0,6.0,3.0,6.0,6.0,6.0,3.0,6.0,2.0,2.0,38.0,6.0,32.0,0.8421052631578947,75.57012195121952,4
WFC,Wells Fargo & Company/Mn,2024,3,2024_Q3,0.0,0.0,0.0,0.0,0.0,0.0,0.0,0.0,0.0,0.0,0.0,0.0,0.0,0.0,0.0,1
WFC,Wells Fargo & Company/Mn,2024,4,2024_Q4,0.0,5.0,5.0,4.0,5.0,4.0,5.0,2.0,5.0,1.0,35.0,10.0,25.0,0.7142857142857143,35.050000000000004,2
WFC,Wells Fargo & Company/Mn,2025,1,2025_Q1,0.0,0.0,0.0,0.0,0.0,0.0,0.0,0.0,0.0,0.0,0.0,0.0,0.0,0.0,0.0,1
WFC,Wells Fargo & Company/Mn,2025,2,2025_Q2,0.0,2.0,1.0,5.0,4.0,4.0,2.0,1.0,0.0,1.0,19.0,3.0,16.0,0.8421052631578947,43.92857142857142,3
WFC,Wells Fargo & Company/Mn,2025,3,2025_Q3,0.0,0.0,0.0,1.0,0.0,1.0,0.0,0.0,1.0,1.0,3.0,0.0,3.0,1.0,13.088235294117649,1
WFC,Wells Fargo & Company/Mn,2025,4,2025_Q4,0.0,0.0,0.0,2.0,2.0,2.0,0.0,0.0,0.0,1.0,6.0,0.0,6.0,1.0,14.117647058823529,1
WTFC,Wintrust Financial Corp,2024,1,2024_Q1,0.0,0.0,0.0,0.0,0.0,0.0,0.0,0.0,0.0,0.0,0.0,0.0,0.0,0.0,0.0,1
WTFC,Wintrust Financial Corp,2024,2,2024_Q2,0.0,16.0,16.0,16.0,16.0,16.0,8.0,8.0,16.0,1.0,112.0,24.0,88.0,0.7857142857142857,80.46036585365854,5
WTFC,Wintrust Financial Corp,2024,3,2024_Q3,0.0,4.0,4.0,4.0,4.0,4.0,4.0,4.0,4.0,1.0,32.0,8.0,24.0,0.75,70.37037037037037,4
WTFC,Wintrust Financial Corp,2024,4,2024_Q4,0.0,12.0,1.0,12.0,12.0,12.0,7.0,7.0,12.0,2.0,75.0,8.0,67.0,0.8933333333333333,74.3,4
WTFC,Wintrust Financial Corp,2025,1,2025_Q1,0.0,0.0,0.0,0.0,0.0,0.0,0.0,0.0,0.0,0.0,0.0,0.0,0.0,0.0,0.0,1
WTFC,Wintrust Financial Corp,2025,2,2025_Q2,0.0,0.0,0.0,0.0,0.0,0.0,0.0,0.0,0.0,0.0,0.0,0.0,0.0,0.0,0.0,1
WTFC,Wintrust Financial Corp,2025,3,2025_Q3,0.0,0.0,0.0,0.0,0.0,0.0,0.0,0.0,0.0,0.0,0.0,0.0,0.0,0.0,0.0,1
WTFC,Wintrust Financial Corp,2025,4,2025_Q4,0.0,0.0,0.0,0.0,0.0,0.0,0.0,0.0,0.0,0.0,0.0,0.0,0.0,0.0,0.0,1
ZION,"Zions Bancorporation, National Association",2024,1,2024_Q1,0.0,2.0,2.0,0.0,2.0,2.0,2.0,2.0,0.0,1.0,12.0,4.0,8.0,0.6666666666666666,37.60416666666667,2
ZION,"Zions Bancorporation, National Association",2024,2,2024_Q2,0.0,2.0,2.0,0.0,2.0,2.0,2.0,2.0,0.0,1.0,12.0,4.0,8.0,0.6666666666666666,32.66158536585366,2
ZION,"Zions Bancorporation, National Association",2024,3,2024_Q3,0.0,2.0,2.0,0.0,2.0,2.0,2.0,2.0,0.0,1.0,12.0,4.0,8.0,0.6666666666666666,43.14814814814815,3
ZION,"Zions Bancorporation, National Association",2024,4,2024_Q4,0.0,4.0,0.0,2.0,3.0,3.0,2.0,3.0,0.0,1.0,17.0,2.0,15.0,0.8823529411764706,17.75,1
ZION,"Zions Bancorporation, National Association",2025,1,2025_Q1,0.0,2.0,2.0,0.0,2.0,1.0,2.0,1.0,0.0,1.0,10.0,4.0,6.0,0.6,33.7037037037037,2
ZION,"Zions Bancorporation, National Association",2025,2,2025_Q2,0.0,3.0,3.0,2.0,5.0,3.0,1.0,1.0,2.0,2.0,20.0,4.0,16.0,0.8,56.25,3
ZION,"Zions Bancorporation, National Association",2025,3,2025_Q3,0.0,1.0,0.0,1.0,1.0,0.0,0.0,0.0,0.0,1.0,3.0,0.0,3.0,1.0,13.088235294117649,1
ZION,"Zions Bancorporation, National Association",2025,4,2025_Q4,0.0,2.0,0.0,2.0,2.0,5.0,0.0,2.0,2.0,1.0,15.0,0.0,15.0,1.0,22.352941176470587,2
