ticker,bank_name,cert,ffiec_institution_name,period_year,period_quarter,period_label,commercial_loan_90_plus_dpd_numerator,commercial_loan_90_plus_dpd_denominator,commercial_loan_90_plus_dpd_rate,nondepository_requested_numerator,nondepository_requested_denominator,nondepository_requested_rate
ALLY,Ally Financial Inc.,57803,ALLY BANK,2024,1,2024_Q1,166000.0,33417000.0,0.004967531495945178,,4364000.0,
ALLY,Ally Financial Inc.,57803,ALLY BANK,2024,2,2024_Q2,178000.0,34465000.0,0.005164659799796896,,4027000.0,
ALLY,Ally Financial Inc.,57803,ALLY BANK,2024,3,2024_Q3,231000.0,32890000.0,0.0070234113712374585,,4327000.0,
ALLY,Ally Financial Inc.,57803,ALLY BANK,2024,4,2024_Q4,189000.0,31891000.0,0.005926436925778432,0.0,3587000.0,0.0
ALLY,Ally Financial Inc.,57803,ALLY BANK,2025,1,2025_Q1,249000.0,30573000.0,0.008144441173584536,0.0,4084000.0,0.0
ALLY,Ally Financial Inc.,57803,ALLY BANK,2025,2,2025_Q2,209000.0,29880000.0,0.006994645247657296,0.0,4218000.0,0.0
ALLY,Ally Financial Inc.,57803,ALLY BANK,2025,3,2025_Q3,206000.0,30462000.0,0.006762523800144442,0.0,4336000.0,0.0
ALLY,Ally Financial Inc.,57803,ALLY BANK,2025,4,2025_Q4,213000.0,32157000.0,0.006623752215691762,0.0,5141000.0,0.0
ASB,Associated Banc-Corp,5296,"ASSOCIATED BANK, NATIONAL ASSOCIATION",2024,1,2024_Q1,425.0,7045036.0,6.032616440852822e-05,,2156787.0,
ASB,Associated Banc-Corp,5296,"ASSOCIATED BANK, NATIONAL ASSOCIATION",2024,2,2024_Q2,384.0,7020335.0,5.4698244456995286e-05,,2234511.0,
ASB,Associated Banc-Corp,5296,"ASSOCIATED BANK, NATIONAL ASSOCIATION",2024,3,2024_Q3,474.0,7141537.0,6.63722669223726e-05,,2315501.0,
ASB,Associated Banc-Corp,5296,"ASSOCIATED BANK, NATIONAL ASSOCIATION",2024,4,2024_Q4,642.0,7460519.0,8.605299443644604e-05,0.0,2310995.0,0.0
ASB,Associated Banc-Corp,5296,"ASSOCIATED BANK, NATIONAL ASSOCIATION",2025,1,2025_Q1,515.0,7747492.0,6.64731244640201e-05,0.0,2321931.0,0.0
ASB,Associated Banc-Corp,5296,"ASSOCIATED BANK, NATIONAL ASSOCIATION",2025,2,2025_Q2,558.0,8060582.0,6.922577054609704e-05,0.0,2377040.0,0.0
ASB,Associated Banc-Corp,5296,"ASSOCIATED BANK, NATIONAL ASSOCIATION",2025,3,2025_Q3,395.0,7808034.0,5.058891905439961e-05,0.0,2925734.0,0.0
ASB,Associated Banc-Corp,5296,"ASSOCIATED BANK, NATIONAL ASSOCIATION",2025,4,2025_Q4,370.0,8202112.0,4.511033255824841e-05,0.0,2729459.0,0.0
AXP,American Express Co,27471,AMERICAN EXPRESS NATIONAL BANK,2024,1,2024_Q1,293111.0,42624429.0,0.006876596516987946,,944373.0,
AXP,American Express Co,27471,AMERICAN EXPRESS NATIONAL BANK,2024,2,2024_Q2,278298.0,43606995.0,0.0063819577570066455,,1154357.0,
AXP,American Express Co,27471,AMERICAN EXPRESS NATIONAL BANK,2024,3,2024_Q3,289382.0,43874628.0,0.006595657061753322,,1250826.0,
AXP,American Express Co,27471,AMERICAN EXPRESS NATIONAL BANK,2024,4,2024_Q4,319906.0,44047013.0,0.007262830739510078,3663.0,1313072.0,0.0027896413905711187
AXP,American Express Co,27471,AMERICAN EXPRESS NATIONAL BANK,2025,1,2025_Q1,321713.0,45768629.0,0.007029115947519424,3799.0,1347373.0,0.0028195607303990802
AXP,American Express Co,27471,AMERICAN EXPRESS NATIONAL BANK,2025,2,2025_Q2,335797.0,46058679.0,0.007290634627189373,3890.0,1356610.0,0.002867441637611399
AXP,American Express Co,27471,AMERICAN EXPRESS NATIONAL BANK,2025,3,2025_Q3,322877.0,46742797.0,0.006907524168910988,4769.0,1451279.0,0.003286066979540116
AXP,American Express Co,27471,AMERICAN EXPRESS NATIONAL BANK,2025,4,2025_Q4,344979.0,46997287.0,0.0073404024364214894,5851.0,1540337.0,0.003798519414907257
BAC,Bank Of America Corp,3510,"BANK OF AMERICA, NATIONAL ASSOCIATION",2024,1,2024_Q1,1149000.0,327109000.0,0.003512590604355123,,70128000.0,
BAC,Bank Of America Corp,3510,"BANK OF AMERICA, NATIONAL ASSOCIATION",2024,2,2024_Q2,1392000.0,327219000.0,0.004254031703537997,,73863000.0,
BAC,Bank Of America Corp,3510,"BANK OF AMERICA, NATIONAL ASSOCIATION",2024,3,2024_Q3,1550000.0,337138000.0,0.004597523862631919,,80976000.0,
BAC,Bank Of America Corp,3510,"BANK OF AMERICA, NATIONAL ASSOCIATION",2024,4,2024_Q4,1850000.0,295382000.0,0.00626307628765463,36000.0,157982000.0,0.00022787406160195466
BAC,Bank Of America Corp,3510,"BANK OF AMERICA, NATIONAL ASSOCIATION",2025,1,2025_Q1,1736000.0,296731000.0,0.005850416707388173,33000.0,164426000.0,0.00020069818641820636
BAC,Bank Of America Corp,3510,"BANK OF AMERICA, NATIONAL ASSOCIATION",2025,2,2025_Q2,1643000.0,307142000.0,0.005349317253908616,41000.0,179585000.0,0.00022830414566918172
BAC,Bank Of America Corp,3510,"BANK OF AMERICA, NATIONAL ASSOCIATION",2025,3,2025_Q3,1677000.0,307017000.0,0.005462238247393467,24000.0,190584000.0,0.0001259287243420224
BAC,Bank Of America Corp,3510,"BANK OF AMERICA, NATIONAL ASSOCIATION",2025,4,2025_Q4,1643000.0,307488000.0,0.005343297949838693,53000.0,193593000.0,0.0002737702292954807
BK,Bank of New York Mellon Corp,639,"BANK OF NEW YORK MELLON, THE",2024,1,2024_Q1,0.0,1911000.0,0.0,,5672000.0,
BK,Bank of New York Mellon Corp,639,"BANK OF NEW YORK MELLON, THE",2024,2,2024_Q2,0.0,1776000.0,0.0,,5636000.0,
BK,Bank of New York Mellon Corp,639,"BANK OF NEW YORK MELLON, THE",2024,3,2024_Q3,0.0,1552000.0,0.0,,6326000.0,
BK,Bank of New York Mellon Corp,639,"BANK OF NEW YORK MELLON, THE",2024,4,2024_Q4,0.0,1358000.0,0.0,0.0,6797000.0,0.0
BK,Bank of New York Mellon Corp,639,"BANK OF NEW YORK MELLON, THE",2025,1,2025_Q1,0.0,1181000.0,0.0,0.0,6711000.0,0.0
BK,Bank of New York Mellon Corp,639,"BANK OF NEW YORK MELLON, THE",2025,2,2025_Q2,0.0,1543000.0,0.0,0.0,6483000.0,0.0
BK,Bank of New York Mellon Corp,639,"BANK OF NEW YORK MELLON, THE",2025,3,2025_Q3,0.0,1454000.0,0.0,0.0,6340000.0,0.0
BK,Bank of New York Mellon Corp,639,"BANK OF NEW YORK MELLON, THE",2025,4,2025_Q4,0.0,2138000.0,0.0,0.0,7182000.0,0.0
BKU,"BankUnited, Inc.",58979,"BANKUNITED, NATIONAL ASSOCIATION",2024,1,2024_Q1,593.0,5093361.0,0.00011642606915158772,,1719859.0,
BKU,"BankUnited, Inc.",58979,"BANKUNITED, NATIONAL ASSOCIATION",2024,2,2024_Q2,593.0,5228324.0,0.00011342066788515785,,2051414.0,
BKU,"BankUnited, Inc.",58979,"BANKUNITED, NATIONAL ASSOCIATION",2024,3,2024_Q3,593.0,5193928.0,0.00011417177904660982,,1929949.0,
BKU,"BankUnited, Inc.",58979,"BANKUNITED, NATIONAL ASSOCIATION",2024,4,2024_Q4,593.0,5155167.0,0.00011503022113541617,0.0,1986816.0,0.0
BKU,"BankUnited, Inc.",58979,"BANKUNITED, NATIONAL ASSOCIATION",2025,1,2025_Q1,593.0,5000877.0,0.0001185792012081081,0.0,1948160.0,0.0
BKU,"BankUnited, Inc.",58979,"BANKUNITED, NATIONAL ASSOCIATION",2025,2,2025_Q2,593.0,4745665.0,0.00012495614418632584,0.0,2008677.0,0.0
BKU,"BankUnited, Inc.",58979,"BANKUNITED, NATIONAL ASSOCIATION",2025,3,2025_Q3,0.0,4740635.0,0.0,25917.0,1974368.0,0.01312673219987358
BKU,"BankUnited, Inc.",58979,"BANKUNITED, NATIONAL ASSOCIATION",2025,4,2025_Q4,0.0,4803833.0,0.0,44104.0,2211631.0,0.019941843824761003
BOKF,Bok Financial Corp,4214,"BOKF, NATIONAL ASSOCIATION",2024,1,2024_Q1,0.0,8414425.0,0.0,,573632.0,
BOKF,Bok Financial Corp,4214,"BOKF, NATIONAL ASSOCIATION",2024,2,2024_Q2,72.0,8715221.0,8.261408402609641e-06,,585197.0,
BOKF,Bok Financial Corp,4214,"BOKF, NATIONAL ASSOCIATION",2024,3,2024_Q3,0.0,8317446.0,0.0,,414606.0,
BOKF,Bok Financial Corp,4214,"BOKF, NATIONAL ASSOCIATION",2024,4,2024_Q4,0.0,8525032.0,0.0,0.0,499903.0,0.0
BOKF,Bok Financial Corp,4214,"BOKF, NATIONAL ASSOCIATION",2025,1,2025_Q1,12.0,8090621.0,1.4831988792949268e-06,11612.0,524776.0,0.02212753632025855
BOKF,Bok Financial Corp,4214,"BOKF, NATIONAL ASSOCIATION",2025,2,2025_Q2,27.0,8100123.0,3.3332827168180038e-06,9380.0,534968.0,0.01753375902857741
BOKF,Bok Financial Corp,4214,"BOKF, NATIONAL ASSOCIATION",2025,3,2025_Q3,187.0,8273351.0,2.260269146081195e-05,5798.0,505766.0,0.011463799464574527
BOKF,Bok Financial Corp,4214,"BOKF, NATIONAL ASSOCIATION",2025,4,2025_Q4,0.0,8781955.0,0.0,4796.0,689470.0,0.006956067704178572
BPOP,"Popular, Inc.",34968,BANCO POPULAR DE PUERTO RICO,2024,1,2024_Q1,31000.0,3476000.0,0.008918296892980437,,280000.0,
BPOP,"Popular, Inc.",34968,BANCO POPULAR DE PUERTO RICO,2024,2,2024_Q2,25000.0,3627000.0,0.006892748828232699,,261000.0,
BPOP,"Popular, Inc.",34968,BANCO POPULAR DE PUERTO RICO,2024,3,2024_Q3,21000.0,3739000.0,0.00561647499331372,,260000.0,
BPOP,"Popular, Inc.",34968,BANCO POPULAR DE PUERTO RICO,2024,4,2024_Q4,23000.0,3809000.0,0.006038330270412182,0.0,337000.0,0.0
BPOP,"Popular, Inc.",34968,BANCO POPULAR DE PUERTO RICO,2025,1,2025_Q1,11000.0,3809000.0,0.002887897085849304,0.0,246000.0,0.0
BPOP,"Popular, Inc.",34968,BANCO POPULAR DE PUERTO RICO,2025,2,2025_Q2,11000.0,3880000.0,0.0028350515463917525,0.0,233000.0,0.0
BPOP,"Popular, Inc.",34968,BANCO POPULAR DE PUERTO RICO,2025,3,2025_Q3,177000.0,3928000.0,0.04506109979633401,0.0,370000.0,0.0
BPOP,"Popular, Inc.",34968,BANCO POPULAR DE PUERTO RICO,2025,4,2025_Q4,185000.0,4139000.0,0.04469678666344527,0.0,446000.0,0.0
C,Citigroup Inc,7213,"CITIBANK, N.A.",2024,1,2024_Q1,687000.0,147118000.0,0.004669720904308106,,57015000.0,
C,Citigroup Inc,7213,"CITIBANK, N.A.",2024,2,2024_Q2,574000.0,153341000.0,0.0037432910963147493,,59261000.0,
C,Citigroup Inc,7213,"CITIBANK, N.A.",2024,3,2024_Q3,466000.0,160107000.0,0.0029105535673018667,,61581000.0,
C,Citigroup Inc,7213,"CITIBANK, N.A.",2024,4,2024_Q4,552000.0,152818000.0,0.003612139931159942,201000.0,105112000.0,0.001912245985234797
C,Citigroup Inc,7213,"CITIBANK, N.A.",2025,1,2025_Q1,687000.0,161472000.0,0.004254607609988109,67000.0,105924000.0,0.000632528983044447
C,Citigroup Inc,7213,"CITIBANK, N.A.",2025,2,2025_Q2,721000.0,163702000.0,0.004404344479603181,306000.0,105646000.0,0.002896465554777275
C,Citigroup Inc,7213,"CITIBANK, N.A.",2025,3,2025_Q3,1006000.0,155142000.0,0.0064843820499929095,109000.0,111672000.0,0.0009760727845834229
C,Citigroup Inc,7213,"CITIBANK, N.A.",2025,4,2025_Q4,1244000.0,157452000.0,0.007900820567538044,62000.0,118211000.0,0.0005244858769488457
CFG,Citizens Financial Group Inc/Ri,57957,"CITIZENS BANK, NATIONAL ASSOCIATION",2024,1,2024_Q1,254977.0,38349578.0,0.006648756343550899,,2018252.0,
CFG,Citizens Financial Group Inc/Ri,57957,"CITIZENS BANK, NATIONAL ASSOCIATION",2024,2,2024_Q2,221165.0,37909004.0,0.005834102104080603,,1959868.0,
CFG,Citizens Financial Group Inc/Ri,57957,"CITIZENS BANK, NATIONAL ASSOCIATION",2024,3,2024_Q3,181589.0,37785295.0,0.004805811361271627,,1902791.0,
CFG,Citizens Financial Group Inc/Ri,57957,"CITIZENS BANK, NATIONAL ASSOCIATION",2024,4,2024_Q4,209965.0,25848716.0,0.008122840608407783,199.0,12917371.0,1.5405611559813525e-05
CFG,Citizens Financial Group Inc/Ri,57957,"CITIZENS BANK, NATIONAL ASSOCIATION",2025,1,2025_Q1,258396.0,26123713.0,0.009891243254739477,192.0,13962759.0,1.3750863994716231e-05
CFG,Citizens Financial Group Inc/Ri,57957,"CITIZENS BANK, NATIONAL ASSOCIATION",2025,2,2025_Q2,225907.0,25869536.0,0.008732549358442301,182.0,15934871.0,1.1421491896608387e-05
CFG,Citizens Financial Group Inc/Ri,57957,"CITIZENS BANK, NATIONAL ASSOCIATION",2025,3,2025_Q3,221393.0,25859900.0,0.008561247336609963,167.0,17343753.0,9.628827163301968e-06
CFG,Citizens Financial Group Inc/Ri,57957,"CITIZENS BANK, NATIONAL ASSOCIATION",2025,4,2025_Q4,234750.0,26609508.0,0.008822034590042025,147.0,18674999.0,7.871486365273701e-06
CFR,"Cullen/Frost Bankers, Inc.",5510,FROST BANK,2024,1,2024_Q1,24816.0,6006983.0,0.004131191981066036,,284381.0,
CFR,"Cullen/Frost Bankers, Inc.",5510,FROST BANK,2024,2,2024_Q2,2902.0,6198919.0,0.0004681461396737076,,271165.0,
CFR,"Cullen/Frost Bankers, Inc.",5510,FROST BANK,2024,3,2024_Q3,3803.0,5869990.0,0.0006478716318085721,,240806.0,
CFR,"Cullen/Frost Bankers, Inc.",5510,FROST BANK,2024,4,2024_Q4,7500.0,6130561.0,0.0012233790675926723,0.0,330106.0,0.0
CFR,"Cullen/Frost Bankers, Inc.",5510,FROST BANK,2025,1,2025_Q1,6974.0,6088806.0,0.0011453805557280032,0.0,436759.0,0.0
CFR,"Cullen/Frost Bankers, Inc.",5510,FROST BANK,2025,2,2025_Q2,7074.0,5788998.0,0.0012219731290285469,0.0,815855.0,0.0
CFR,"Cullen/Frost Bankers, Inc.",5510,FROST BANK,2025,3,2025_Q3,3445.0,5777531.0,0.0005962754678425784,394.0,854282.0,0.0004612060186214856
CFR,"Cullen/Frost Bankers, Inc.",5510,FROST BANK,2025,4,2025_Q4,2897.0,5556888.0,0.0005213349630224687,394.0,947796.0,0.0004157012690494579
CMA,Comerica Inc,983,COMERICA BANK,2024,1,2024_Q1,131000.0,24450000.0,0.005357873210633947,,2537000.0,
CMA,Comerica Inc,983,COMERICA BANK,2024,2,2024_Q2,110000.0,24984000.0,0.004402817803394172,,2999000.0,
CMA,Comerica Inc,983,COMERICA BANK,2024,3,2024_Q3,110000.0,24005000.0,0.0045823786711101855,,2668000.0,
CMA,Comerica Inc,983,COMERICA BANK,2024,4,2024_Q4,135000.0,24455000.0,0.005520343488039256,0.0,2663000.0,0.0
CMA,Comerica Inc,983,COMERICA BANK,2025,1,2025_Q1,108000.0,24265000.0,0.004450855141149805,0.0,2125000.0,0.0
CMA,Comerica Inc,983,COMERICA BANK,2025,2,2025_Q2,103000.0,25270000.0,0.00407597942223981,0.0,2225000.0,0.0
CMA,Comerica Inc,983,COMERICA BANK,2025,3,2025_Q3,118000.0,24586000.0,0.004799479378508094,0.0,2672000.0,0.0
CMA,Comerica Inc,983,COMERICA BANK,2025,4,2025_Q4,88000.0,24497000.0,0.003592276605298608,0.0,2797000.0,0.0
COF,Capital One Financial Corp,4297,"CAPITAL ONE, NATIONAL ASSOCIATION",2024,1,2024_Q1,486103.0,46844513.0,0.010376946388577035,,20370671.0,
COF,Capital One Financial Corp,4297,"CAPITAL ONE, NATIONAL ASSOCIATION",2024,2,2024_Q2,746951.0,46279311.0,0.016140063105088146,,21418602.0,
COF,Capital One Financial Corp,4297,"CAPITAL ONE, NATIONAL ASSOCIATION",2024,3,2024_Q3,546250.0,45365044.0,0.012041209526877126,,21030667.0,
COF,Capital One Financial Corp,4297,"CAPITAL ONE, NATIONAL ASSOCIATION",2024,4,2024_Q4,478453.0,34280227.0,0.013957112944438787,0.0,33659408.0,0.0
COF,Capital One Financial Corp,4297,"CAPITAL ONE, NATIONAL ASSOCIATION",2025,1,2025_Q1,577380.0,35224005.0,0.016391662447243008,0.0,33479503.0,0.0
COF,Capital One Financial Corp,4297,"CAPITAL ONE, NATIONAL ASSOCIATION",2025,2,2025_Q2,573901.0,35203648.0,0.016302316169051572,0.0,35352560.0,0.0
COF,Capital One Financial Corp,4297,"CAPITAL ONE, NATIONAL ASSOCIATION",2025,3,2025_Q3,601991.0,36205301.0,0.01662715081418602,0.0,35923735.0,0.0
COF,Capital One Financial Corp,4297,"CAPITAL ONE, NATIONAL ASSOCIATION",2025,4,2025_Q4,713090.0,34983104.0,0.020383840153235116,0.0,36841667.0,0.0
COLB,"Columbia Banking System, Inc.",17266,UMPQUA BANK,2024,1,2024_Q1,8372.0,6405642.0,0.0013069728217718068,,265071.0,
COLB,"Columbia Banking System, Inc.",17266,UMPQUA BANK,2024,2,2024_Q2,5315.0,6448758.0,0.000824189712189541,,242841.0,
COLB,"Columbia Banking System, Inc.",17266,UMPQUA BANK,2024,3,2024_Q3,5516.0,6202742.0,0.0008892841262783459,,255627.0,
COLB,"Columbia Banking System, Inc.",17266,UMPQUA BANK,2024,4,2024_Q4,4185.0,6404683.0,0.0006534281243896067,0.0,248519.0,0.0
COLB,"Columbia Banking System, Inc.",17266,UMPQUA BANK,2025,1,2025_Q1,0.0,6325460.0,0.0,0.0,289976.0,0.0
COLB,"Columbia Banking System, Inc.",17266,UMPQUA BANK,2025,2,2025_Q2,5367.0,6340803.0,0.0008464227638045213,0.0,407898.0,0.0
COLB,"Columbia Banking System, Inc.",17266,COLUMBIA BANK,2025,3,2025_Q3,4205.0,7572826.0,0.00055527487360729,0.0,495948.0,0.0
COLB,"Columbia Banking System, Inc.",17266,COLUMBIA BANK,2025,4,2025_Q4,6904.0,7690159.0,0.0008977707743103882,0.0,444930.0,0.0
DFS,Discover Financial Services,5649,DISCOVER BANK,2024,1,2024_Q1,1690.0,148704.0,0.01136485904884872,,50027.0,
DFS,Discover Financial Services,5649,DISCOVER BANK,2024,2,2024_Q2,1347.0,147953.0,0.009104242563516792,,49924.0,
DFS,Discover Financial Services,5649,DISCOVER BANK,2024,3,2024_Q3,1792.0,143595.0,0.012479543159580766,,49605.0,
DFS,Discover Financial Services,5649,DISCOVER BANK,2024,4,2024_Q4,1488.0,135117.0,0.011012677901374364,0.0,54356.0,0.0
DFS,Discover Financial Services,5649,DISCOVER BANK,2025,1,2025_Q1,1506.0,133576.0,0.011274480445589027,0.0,53946.0,0.0
EWBC,East West Bancorp Inc,31628,EAST WEST BANK,2024,1,2024_Q1,37006.0,10020133.0,0.003693164551807845,,4520677.0,
EWBC,East West Bancorp Inc,31628,EAST WEST BANK,2024,2,2024_Q2,42807.0,10230238.0,0.0041843601292560345,,4709529.0,
EWBC,East West Bancorp Inc,31628,EAST WEST BANK,2024,3,2024_Q3,41954.0,10252013.0,0.004092269488928662,,4949265.0,
EWBC,East West Bancorp Inc,31628,EAST WEST BANK,2024,4,2024_Q4,52777.0,10467209.0,0.005042127275761858,49.0,5971412.0,8.205764398772016e-06
EWBC,East West Bancorp Inc,31628,EAST WEST BANK,2025,1,2025_Q1,42854.0,9826927.0,0.0043608749713923796,49.0,6690828.0,7.3234583223481454e-06
EWBC,East West Bancorp Inc,31628,EAST WEST BANK,2025,2,2025_Q2,54557.0,9576749.0,0.005696818408835817,34.0,7286212.0,4.6663478910577955e-06
EWBC,East West Bancorp Inc,31628,EAST WEST BANK,2025,3,2025_Q3,68743.0,9548449.0,0.0071993891363927275,34.0,7506531.0,4.5293891412691164e-06
EWBC,East West Bancorp Inc,31628,EAST WEST BANK,2025,4,2025_Q4,60457.0,9975903.0,0.006060303513376182,33.0,7622622.0,4.329219001020909e-06
FCNCA,First Citizens Bancshares Inc,11063,FIRST-CITIZENS BANK & TRUST COMPANY,2024,1,2024_Q1,378000.0,37569000.0,0.010061486864169928,,2970000.0,
FCNCA,First Citizens Bancshares Inc,11063,FIRST-CITIZENS BANK & TRUST COMPANY,2024,2,2024_Q2,359000.0,37500000.0,0.009573333333333333,,30450000.0,
FCNCA,First Citizens Bancshares Inc,11063,FIRST-CITIZENS BANK & TRUST COMPANY,2024,3,2024_Q3,495000.0,37207000.0,0.013303948181793748,,28529000.0,
FCNCA,First Citizens Bancshares Inc,11063,FIRST-CITIZENS BANK & TRUST COMPANY,2024,4,2024_Q4,387000.0,35986000.0,0.010754182181959651,98000.0,30100000.0,0.0032558139534883722
FCNCA,First Citizens Bancshares Inc,11063,FIRST-CITIZENS BANK & TRUST COMPANY,2025,1,2025_Q1,454000.0,36355000.0,0.012487965891899325,76000.0,30626000.0,0.0024815516228041535
FCNCA,First Citizens Bancshares Inc,11063,FIRST-CITIZENS BANK & TRUST COMPANY,2025,2,2025_Q2,487000.0,35717000.0,0.01363496374275555,145000.0,30801000.0,0.004707639362358365
FCNCA,First Citizens Bancshares Inc,11063,FIRST-CITIZENS BANK & TRUST COMPANY,2025,3,2025_Q3,573000.0,36277000.0,0.015795131901755934,70000.0,33590000.0,0.0020839535576064306
FCNCA,First Citizens Bancshares Inc,11063,FIRST-CITIZENS BANK & TRUST COMPANY,2025,4,2025_Q4,502000.0,35657000.0,0.014078582045601144,42000.0,37593000.0,0.0011172292714069108
FHN,First Horizon Corp,4977,FIRST HORIZON BANK,2024,1,2024_Q1,2416.0,16486919.0,0.00014654041789129916,,4821354.0,
FHN,First Horizon Corp,4977,FIRST HORIZON BANK,2024,2,2024_Q2,1649.0,16521079.0,9.981188274688354e-05,,5293988.0,
FHN,First Horizon Corp,4977,FIRST HORIZON BANK,2024,3,2024_Q3,2303.0,16054208.0,0.0001434514863641981,,5404457.0,
FHN,First Horizon Corp,4977,FIRST HORIZON BANK,2024,4,2024_Q4,1645.0,16387260.0,0.00010038285839121366,11194.0,5599207.0,0.001999211674081705
FHN,First Horizon Corp,4977,FIRST HORIZON BANK,2025,1,2025_Q1,541.0,16389944.0,3.3008044444813233e-05,39546.0,5393553.0,0.007332087030571499
FHN,First Horizon Corp,4977,FIRST HORIZON BANK,2025,2,2025_Q2,1427.0,15014442.0,9.504182706223782e-05,61461.0,7696080.0,0.007986013658901675
FHN,First Horizon Corp,4977,FIRST HORIZON BANK,2025,3,2025_Q3,2579.0,15094826.0,0.00017085324468132324,40858.0,7776222.0,0.005254222423176705
FHN,First Horizon Corp,4977,FIRST HORIZON BANK,2025,4,2025_Q4,2548.0,15291037.0,0.00016663356448617578,32039.0,8568247.0,0.0037392712885144417
FITB,Fifth Third Bancorp,6672,"FIFTH THIRD BANK, NATIONAL ASSOCIATION",2024,1,2024_Q1,319000.0,44614000.0,0.007150221903438382,,6456000.0,
FITB,Fifth Third Bancorp,6672,"FIFTH THIRD BANK, NATIONAL ASSOCIATION",2024,2,2024_Q2,219000.0,44187000.0,0.004956208839703985,,6733000.0,
FITB,Fifth Third Bancorp,6672,"FIFTH THIRD BANK, NATIONAL ASSOCIATION",2024,3,2024_Q3,255000.0,43210000.0,0.005901411710252257,,6930000.0,
FITB,Fifth Third Bancorp,6672,"FIFTH THIRD BANK, NATIONAL ASSOCIATION",2024,4,2024_Q4,372000.0,43671000.0,0.008518238648073093,0.0,7674000.0,0.0
FITB,Fifth Third Bancorp,6672,"FIFTH THIRD BANK, NATIONAL ASSOCIATION",2025,1,2025_Q1,550000.0,44897000.0,0.012250261710136535,0.0,7960000.0,0.0
FITB,Fifth Third Bancorp,6672,"FIFTH THIRD BANK, NATIONAL ASSOCIATION",2025,2,2025_Q2,462000.0,43860000.0,0.010533515731874145,0.0,8740000.0,0.0
FITB,Fifth Third Bancorp,6672,"FIFTH THIRD BANK, NATIONAL ASSOCIATION",2025,3,2025_Q3,376000.0,42688000.0,0.008808095952023988,0.0,10252000.0,0.0
FITB,Fifth Third Bancorp,6672,"FIFTH THIRD BANK, NATIONAL ASSOCIATION",2025,4,2025_Q4,412000.0,41796000.0,0.009857402622260503,19000.0,9554000.0,0.0019886958342055683
FLG,"Flagstar Financial, Inc.",32541,"FLAGSTAR BANK, NATIONAL ASSOCIATION",2024,1,2024_Q1,82990.0,11455551.0,0.007244522764553184,,9129567.0,
FLG,"Flagstar Financial, Inc.",32541,"FLAGSTAR BANK, NATIONAL ASSOCIATION",2024,2,2024_Q2,243201.0,10532002.0,0.023091621137177908,,10101591.0,
FLG,"Flagstar Financial, Inc.",32541,"FLAGSTAR BANK, NATIONAL ASSOCIATION",2024,3,2024_Q3,225633.0,9728998.0,0.023191802485723608,,3313804.0,
FLG,"Flagstar Financial, Inc.",32541,"FLAGSTAR BANK, NATIONAL ASSOCIATION",2024,4,2024_Q4,193321.0,9367377.0,0.020637687583194314,206.0,2870679.0,7.176002611228912e-05
FLG,"Flagstar Financial, Inc.",32541,"FLAGSTAR BANK, NATIONAL ASSOCIATION",2025,1,2025_Q1,239352.0,9195542.0,0.026029134552373313,160.0,2514522.0,6.363038382642904e-05
FLG,"Flagstar Financial, Inc.",32541,"FLAGSTAR BANK, NATIONAL ASSOCIATION",2025,2,2025_Q2,112348.0,9401941.0,0.011949447459838346,216.0,2138864.0,0.00010098818812229296
FLG,"Flagstar Financial, Inc.",32541,"FLAGSTAR BANK, NATIONAL ASSOCIATION",2025,3,2025_Q3,144760.0,9709329.0,0.014909372213054065,153.0,2368122.0,6.460815785673204e-05
FLG,"Flagstar Financial, Inc.",32541,"FLAGSTAR BANK, NATIONAL ASSOCIATION",2025,4,2025_Q4,111954.0,10072478.0,0.011114841849245043,107.0,2356521.0,4.540591830074928e-05
FNB,Fnb Corp,7888,FIRST NATIONAL BANK OF PENNSYLVANIA,2024,1,2024_Q1,238.0,7166603.0,3.320959735037646e-05,,49137.0,
FNB,Fnb Corp,7888,FIRST NATIONAL BANK OF PENNSYLVANIA,2024,2,2024_Q2,247.0,7017412.0,3.519816137345221e-05,,446418.0,
FNB,Fnb Corp,7888,FIRST NATIONAL BANK OF PENNSYLVANIA,2024,3,2024_Q3,245.0,6954191.0,3.523055377685197e-05,,389467.0,
FNB,Fnb Corp,7888,FIRST NATIONAL BANK OF PENNSYLVANIA,2024,4,2024_Q4,242.0,6822281.0,3.547200708971091e-05,52.0,435712.0,0.0001193448883666275
FNB,Fnb Corp,7888,FIRST NATIONAL BANK OF PENNSYLVANIA,2025,1,2025_Q1,394.0,6846617.0,5.7546668668628606e-05,51.0,429192.0,0.00011882793714701112
FNB,Fnb Corp,7888,FIRST NATIONAL BANK OF PENNSYLVANIA,2025,2,2025_Q2,904.0,6810563.0,0.00013273498828217286,223.0,450675.0,0.0004948133355522273
FNB,Fnb Corp,7888,FIRST NATIONAL BANK OF PENNSYLVANIA,2025,3,2025_Q3,471.0,6832928.0,6.89309180486023e-05,176.0,471790.0,0.00037304733038004195
FNB,Fnb Corp,7888,FIRST NATIONAL BANK OF PENNSYLVANIA,2025,4,2025_Q4,396.0,6873379.0,5.761358423564305e-05,28.0,529726.0,5.285751501719757e-05
GS,Goldman Sachs Group Inc,33124,GOLDMAN SACHS BANK USA,2024,1,2024_Q1,1437000.0,28705000.0,0.05006096498867793,,77320000.0,
GS,Goldman Sachs Group Inc,33124,GOLDMAN SACHS BANK USA,2024,2,2024_Q2,1191000.0,28487000.0,0.04180854424825359,,79040000.0,
GS,Goldman Sachs Group Inc,33124,GOLDMAN SACHS BANK USA,2024,3,2024_Q3,1168000.0,28636000.0,0.040787819527867024,,86537000.0,
GS,Goldman Sachs Group Inc,33124,GOLDMAN SACHS BANK USA,2024,4,2024_Q4,1176000.0,25663000.0,0.04582472820792581,180000.0,91195000.0,0.001973792422830199
GS,Goldman Sachs Group Inc,33124,GOLDMAN SACHS BANK USA,2025,1,2025_Q1,954000.0,27490000.0,0.034703528555838484,113000.0,101392000.0,0.0011144863500078901
GS,Goldman Sachs Group Inc,33124,GOLDMAN SACHS BANK USA,2025,2,2025_Q2,963000.0,23683000.0,0.04066207828400118,97000.0,104121000.0,0.0009316084171300699
GS,Goldman Sachs Group Inc,33124,GOLDMAN SACHS BANK USA,2025,3,2025_Q3,1078000.0,24466000.0,0.044061146080274664,98000.0,107571000.0,0.0009110262059476997
GS,Goldman Sachs Group Inc,33124,GOLDMAN SACHS BANK USA,2025,4,2025_Q4,1125000.0,25839000.0,0.04353883664228492,97000.0,117704000.0,0.0008241011350506355
HBAN,Huntington Bancshares Inc,6560,"HUNTINGTON NATIONAL BANK, THE",2024,1,2024_Q1,284857.0,35571903.0,0.008007921308005365,,6830913.0,
HBAN,Huntington Bancshares Inc,6560,"HUNTINGTON NATIONAL BANK, THE",2024,2,2024_Q2,275027.0,35797228.0,0.0076829133250205855,,7183206.0,
HBAN,Huntington Bancshares Inc,6560,"HUNTINGTON NATIONAL BANK, THE",2024,3,2024_Q3,321916.0,36312086.0,0.00886525769959897,,7644587.0,
HBAN,Huntington Bancshares Inc,6560,"HUNTINGTON NATIONAL BANK, THE",2024,4,2024_Q4,388444.0,37395167.0,0.010387545534961778,246.0,9132766.0,2.6935979745895164e-05
HBAN,Huntington Bancshares Inc,6560,"HUNTINGTON NATIONAL BANK, THE",2025,1,2025_Q1,361721.0,39111188.0,0.009248530113685118,1202.0,9236726.0,0.00013013268987301346
HBAN,Huntington Bancshares Inc,6560,"HUNTINGTON NATIONAL BANK, THE",2025,2,2025_Q2,405010.0,39838961.0,0.010166178781620334,3015.0,10400871.0,0.0002898795687399642
HBAN,Huntington Bancshares Inc,6560,"HUNTINGTON NATIONAL BANK, THE",2025,3,2025_Q3,392221.0,40594423.0,0.009661942971821524,7911.0,11523007.0,0.0006865395464916406
HBAN,Huntington Bancshares Inc,6560,"HUNTINGTON NATIONAL BANK, THE",2025,4,2025_Q4,499010.0,42854966.0,0.01164415811227105,16678.0,15320689.0,0.0010885933393726614
JPM,Jpmorgan Chase & Co,628,"JPMORGAN CHASE BANK, NATIONAL ASSOCIATION",2024,1,2024_Q1,2040000.0,206855000.0,0.009861980614440066,,102044000.0,
JPM,Jpmorgan Chase & Co,628,"JPMORGAN CHASE BANK, NATIONAL ASSOCIATION",2024,2,2024_Q2,2089000.0,210097000.0,0.00994302631641575,,109357000.0,
JPM,Jpmorgan Chase & Co,628,"JPMORGAN CHASE BANK, NATIONAL ASSOCIATION",2024,3,2024_Q3,2306000.0,210832000.0,0.010937618577824998,,121256000.0,
JPM,Jpmorgan Chase & Co,628,"JPMORGAN CHASE BANK, NATIONAL ASSOCIATION",2024,4,2024_Q4,2340000.0,209019000.0,0.011195154507484966,0.0,133323000.0,0.0
JPM,Jpmorgan Chase & Co,628,"JPMORGAN CHASE BANK, NATIONAL ASSOCIATION",2025,1,2025_Q1,2645000.0,208422000.0,0.012690598881116196,237000.0,189669000.0,0.0012495452604273762
JPM,Jpmorgan Chase & Co,628,"JPMORGAN CHASE BANK, NATIONAL ASSOCIATION",2025,2,2025_Q2,2765000.0,216592000.0,0.01276593780010342,14000.0,205836000.0,6.801531316193474e-05
JPM,Jpmorgan Chase & Co,628,"JPMORGAN CHASE BANK, NATIONAL ASSOCIATION",2025,3,2025_Q3,3246000.0,217372000.0,0.014932926043832692,213000.0,226018000.0,0.0009424028174747144
JPM,Jpmorgan Chase & Co,628,"JPMORGAN CHASE BANK, NATIONAL ASSOCIATION",2025,4,2025_Q4,2516000.0,222928000.0,0.011286155171176345,101000.0,237849000.0,0.0004246391618211554
KEY,Keycorp,17534,KEYBANK NATIONAL ASSOCIATION,2024,1,2024_Q1,414006.0,42855969.0,0.009660404598481952,,4418773.0,
KEY,Keycorp,17534,KEYBANK NATIONAL ASSOCIATION,2024,2,2024_Q2,442978.0,41550426.0,0.010661214400064154,,3714605.0,
KEY,Keycorp,17534,KEYBANK NATIONAL ASSOCIATION,2024,3,2024_Q3,416677.0,41865646.0,0.009952718751789952,,5393235.0,
KEY,Keycorp,17534,KEYBANK NATIONAL ASSOCIATION,2024,4,2024_Q4,354325.0,29882121.0,0.011857424712255198,128.0,17505184.0,7.312119655526043e-06
KEY,Keycorp,17534,KEYBANK NATIONAL ASSOCIATION,2025,1,2025_Q1,318077.0,31508160.0,0.010095067436498989,14826.0,17671819.0,0.0008389628707718204
KEY,Keycorp,17534,KEYBANK NATIONAL ASSOCIATION,2025,2,2025_Q2,288871.0,33717566.0,0.00856737405066546,20890.0,17723718.0,0.0011786466022535452
KEY,Keycorp,17534,KEYBANK NATIONAL ASSOCIATION,2025,3,2025_Q3,263849.0,33991348.0,0.007762239967652945,14129.0,18205204.0,0.000776096768814016
KEY,Keycorp,17534,KEYBANK NATIONAL ASSOCIATION,2025,4,2025_Q4,286857.0,34702974.0,0.00826606388259404,449.0,18391249.0,2.4413785056142735e-05
MS,Morgan Stanley,32992,"MORGAN STANLEY BANK, N.A.",2024,1,2024_Q1,76000.0,7353000.0,0.0103359173126615,,44112000.0,
MS,Morgan Stanley,32992,"MORGAN STANLEY BANK, N.A.",2024,2,2024_Q2,0.0,6393000.0,0.0,,51142000.0,
MS,Morgan Stanley,32992,"MORGAN STANLEY BANK, N.A.",2024,3,2024_Q3,155000.0,5942000.0,0.026085493099966342,,51150000.0,
MS,Morgan Stanley,32992,"MORGAN STANLEY BANK, N.A.",2024,4,2024_Q4,0.0,4309000.0,0.0,0.0,53675000.0,0.0
MS,Morgan Stanley,32992,"MORGAN STANLEY BANK, N.A.",2025,1,2025_Q1,0.0,7652000.0,0.0,0.0,58108000.0,0.0
MS,Morgan Stanley,32992,"MORGAN STANLEY BANK, N.A.",2025,2,2025_Q2,40000.0,3608000.0,0.011086474501108648,0.0,64030000.0,0.0
MS,Morgan Stanley,32992,"MORGAN STANLEY BANK, N.A.",2025,3,2025_Q3,60000.0,4705000.0,0.012752391073326248,0.0,68423000.0,0.0
MS,Morgan Stanley,32992,"MORGAN STANLEY BANK, N.A.",2025,4,2025_Q4,82000.0,4296000.0,0.019087523277467412,0.0,75824000.0,0.0
MTB,M&T Bank Corp,588,MANUFACTURERS AND TRADERS TRUST COMPANY,2024,1,2024_Q1,605496.0,32221966.0,0.018791404596479308,,8866475.0,
MTB,M&T Bank Corp,588,MANUFACTURERS AND TRADERS TRUST COMPANY,2024,2,2024_Q2,548778.0,32863060.0,0.01669893187061704,,9497815.0,
MTB,M&T Bank Corp,588,MANUFACTURERS AND TRADERS TRUST COMPANY,2024,3,2024_Q3,533395.0,33477401.0,0.015932987151541424,,9596708.0,
MTB,M&T Bank Corp,588,MANUFACTURERS AND TRADERS TRUST COMPANY,2024,4,2024_Q4,476391.0,33139320.0,0.014375400581544823,9240.0,10273779.0,0.0008993769478592054
MTB,M&T Bank Corp,588,MANUFACTURERS AND TRADERS TRUST COMPANY,2025,1,2025_Q1,444884.0,32811648.0,0.013558721585700298,9451.0,9920265.0,0.0009526963241405346
MTB,M&T Bank Corp,588,MANUFACTURERS AND TRADERS TRUST COMPANY,2025,2,2025_Q2,554291.0,32793927.0,0.016902245345609263,4224.0,10856003.0,0.0003890934812748302
MTB,M&T Bank Corp,588,MANUFACTURERS AND TRADERS TRUST COMPANY,2025,3,2025_Q3,537396.0,32700600.0,0.016433826902258673,3308.0,11313780.0,0.0002923868061779529
MTB,M&T Bank Corp,588,MANUFACTURERS AND TRADERS TRUST COMPANY,2025,4,2025_Q4,343672.0,33018844.0,0.010408359541599943,3196.0,12536517.0,0.00025493524238031983
NTRS,Northern Trust Corp,913,"NORTHERN TRUST COMPANY, THE",2024,1,2024_Q1,348.0,4659481.0,7.468642966888372e-05,,210080.0,
NTRS,Northern Trust Corp,913,"NORTHERN TRUST COMPANY, THE",2024,2,2024_Q2,5776.0,4804639.0,0.0012021714846838648,,162976.0,
NTRS,Northern Trust Corp,913,"NORTHERN TRUST COMPANY, THE",2024,3,2024_Q3,5873.0,4928206.0,0.0011917115477721508,,122406.0,
NTRS,Northern Trust Corp,913,"NORTHERN TRUST COMPANY, THE",2024,4,2024_Q4,346.0,4225047.0,8.189258012987785e-05,0.0,6746113.0,0.0
NTRS,Northern Trust Corp,913,"NORTHERN TRUST COMPANY, THE",2025,1,2025_Q1,1163.0,4152741.0,0.00028005599193400214,0.0,6396420.0,0.0
NTRS,Northern Trust Corp,913,"NORTHERN TRUST COMPANY, THE",2025,2,2025_Q2,1201.0,4066789.0,0.0002953189850764325,0.0,3890301.0,0.0
NTRS,Northern Trust Corp,913,"NORTHERN TRUST COMPANY, THE",2025,3,2025_Q3,623.0,3922670.0,0.00015882039529198225,0.0,5433852.0,0.0
NTRS,Northern Trust Corp,913,"NORTHERN TRUST COMPANY, THE",2025,4,2025_Q4,5037.0,3861109.0,0.0013045474758676848,0.0,5033846.0,0.0
ONB,Old National Bancorp,3832,OLD NATIONAL BANK,2024,1,2024_Q1,73840.0,7831230.0,0.009428914742639407,,0.0,
ONB,Old National Bancorp,3832,OLD NATIONAL BANK,2024,2,2024_Q2,76121.0,8487366.0,0.008968742481471873,,20366.0,
ONB,Old National Bancorp,3832,OLD NATIONAL BANK,2024,3,2024_Q3,91825.0,8488769.0,0.010817233924023614,,0.0,
ONB,Old National Bancorp,3832,OLD NATIONAL BANK,2024,4,2024_Q4,105205.0,8354153.0,0.012593137808225442,0.0,0.0,
ONB,Old National Bancorp,3832,OLD NATIONAL BANK,2025,1,2025_Q1,126378.0,8585343.0,0.014720203956906555,0.0,0.0,
ONB,Old National Bancorp,3832,OLD NATIONAL BANK,2025,2,2025_Q2,185267.0,10816859.0,0.017127615327148113,14081.0,124766.0,0.112859272558229
ONB,Old National Bancorp,3832,OLD NATIONAL BANK,2025,3,2025_Q3,153761.0,10708013.0,0.014359433444841727,11975.0,144374.0,0.08294429744967931
ONB,Old National Bancorp,3832,OLD NATIONAL BANK,2025,4,2025_Q4,153133.0,10728457.0,0.014273534395486695,10034.0,309254.0,0.032445821234325184
PB,Prosperity Bancshares Inc,16835,PROSPERITY BANK,2024,1,2024_Q1,190.0,2201664.0,8.629836341966804e-05,,980288.0,
PB,Prosperity Bancshares Inc,16835,PROSPERITY BANK,2024,2,2024_Q2,100.0,2139862.0,4.6731985520561606e-05,,1430577.0,
PB,Prosperity Bancshares Inc,16835,PROSPERITY BANK,2024,3,2024_Q3,0.0,1924616.0,0.0,,1700971.0,
PB,Prosperity Bancshares Inc,16835,PROSPERITY BANK,2024,4,2024_Q4,1347.0,1904853.0,0.00070714118097302,0.0,1543470.0,0.0
PB,Prosperity Bancshares Inc,16835,PROSPERITY BANK,2025,1,2025_Q1,0.0,1883561.0,0.0,0.0,1468530.0,0.0
PB,Prosperity Bancshares Inc,16835,PROSPERITY BANK,2025,2,2025_Q2,332.0,1867080.0,0.00017781776892259572,19168.0,1703111.0,0.011254698020269965
PB,Prosperity Bancshares Inc,16835,PROSPERITY BANK,2025,3,2025_Q3,0.0,1874364.0,0.0,17506.0,1668477.0,0.010492203368700917
PB,Prosperity Bancshares Inc,16835,PROSPERITY BANK,2025,4,2025_Q4,0.0,1842028.0,0.0,52654.0,1648468.0,0.031941172045802525
PNC,"Pnc Financial Services Group, Inc.",6384,"PNC BANK, NATIONAL ASSOCIATION",2024,1,2024_Q1,484133.0,126566195.0,0.0038251367199590696,,23742317.0,
PNC,"Pnc Financial Services Group, Inc.",6384,"PNC BANK, NATIONAL ASSOCIATION",2024,2,2024_Q2,601512.0,129213598.0,0.004655175688242966,,23612916.0,
PNC,"Pnc Financial Services Group, Inc.",6384,"PNC BANK, NATIONAL ASSOCIATION",2024,3,2024_Q3,652984.0,129041243.0,0.005060273636700787,,24324947.0,
PNC,"Pnc Financial Services Group, Inc.",6384,"PNC BANK, NATIONAL ASSOCIATION",2024,4,2024_Q4,439358.0,127323007.0,0.0034507353411783624,0.0,22932151.0,0.0
PNC,"Pnc Financial Services Group, Inc.",6384,"PNC BANK, NATIONAL ASSOCIATION",2025,1,2025_Q1,494214.0,126310921.0,0.003912678302773202,501.0,28982462.0,1.7286316117657638e-05
PNC,"Pnc Financial Services Group, Inc.",6384,"PNC BANK, NATIONAL ASSOCIATION",2025,2,2025_Q2,410520.0,101079286.0,0.004061366242733452,15283.0,62469379.0,0.0002446478617948163
PNC,"Pnc Financial Services Group, Inc.",6384,"PNC BANK, NATIONAL ASSOCIATION",2025,3,2025_Q3,535079.0,101046314.0,0.005295383659417799,22213.0,62490137.0,0.0003554640950779161
PNC,"Pnc Financial Services Group, Inc.",6384,"PNC BANK, NATIONAL ASSOCIATION",2025,4,2025_Q4,643323.0,103410583.0,0.006221055730823991,13680.0,65817513.0,0.00020784741593016435
PNFP,Pinnacle Financial Partners Inc,35583,PINNACLE BANK,2024,1,2024_Q1,4124.0,9902306.0,0.00041646864881776023,,745297.0,
PNFP,Pinnacle Financial Partners Inc,35583,PINNACLE BANK,2024,2,2024_Q2,3028.0,10265068.0,0.00029498099769041956,,736312.0,
PNFP,Pinnacle Financial Partners Inc,35583,PINNACLE BANK,2024,3,2024_Q3,2783.0,10735275.0,0.00025923881782255226,,830130.0,
PNFP,Pinnacle Financial Partners Inc,35583,PINNACLE BANK,2024,4,2024_Q4,2873.0,11455305.0,0.000250800829833863,0.0,791200.0,0.0
PNFP,Pinnacle Financial Partners Inc,35583,PINNACLE BANK,2025,1,2025_Q1,2964.0,10978678.0,0.000269977860722393,0.0,1225809.0,0.0
PNFP,Pinnacle Financial Partners Inc,35583,PINNACLE BANK,2025,2,2025_Q2,3261.0,11387170.0,0.0002863749289770856,0.0,1431647.0,0.0
PNFP,Pinnacle Financial Partners Inc,35583,PINNACLE BANK,2025,3,2025_Q3,1972.0,12086853.0,0.0001631524764965703,0.0,1246677.0,0.0
PNFP,Pinnacle Financial Partners Inc,35583,PINNACLE BANK,2025,4,2025_Q4,2254.0,12525901.0,0.00017994713514021867,0.0,1347758.0,0.0
RF,Regions Financial Corp,12368,REGIONS BANK,2024,1,2024_Q1,547000.0,31392000.0,0.017424821610601427,,7890000.0,
RF,Regions Financial Corp,12368,REGIONS BANK,2024,2,2024_Q2,414000.0,31522000.0,0.013133684410887634,,8049000.0,
RF,Regions Financial Corp,12368,REGIONS BANK,2024,3,2024_Q3,420000.0,30854000.0,0.013612497569196863,,8352000.0,
RF,Regions Financial Corp,12368,REGIONS BANK,2024,4,2024_Q4,378000.0,26998000.0,0.014001037113860287,21000.0,12171000.0,0.0017254128666502342
RF,Regions Financial Corp,12368,REGIONS BANK,2025,1,2025_Q1,405000.0,26789000.0,0.015118145507484415,20000.0,11735000.0,0.0017043033659991478
RF,Regions Financial Corp,12368,REGIONS BANK,2025,2,2025_Q2,368000.0,27498000.0,0.01338279147574369,25000.0,11527000.0,0.002168821028888696
RF,Regions Financial Corp,12368,REGIONS BANK,2025,3,2025_Q3,479000.0,27242000.0,0.0175831436752074,44000.0,11519000.0,0.0038197760222241513
RF,Regions Financial Corp,12368,REGIONS BANK,2025,4,2025_Q4,411000.0,25585000.0,0.016064100058628104,56000.0,11912000.0,0.0047011417058428475
RJF,Raymond James Financial Inc,33893,RAYMOND JAMES BANK,2024,1,2024_Q1,45289.0,8191163.0,0.00552900729725437,,2852161.0,
RJF,Raymond James Financial Inc,33893,RAYMOND JAMES BANK,2024,2,2024_Q2,40798.0,7953552.0,0.0051295320631587,,2854179.0,
RJF,Raymond James Financial Inc,33893,RAYMOND JAMES BANK,2024,3,2024_Q3,40414.0,7985193.0,0.005061117495845122,,2777305.0,
RJF,Raymond James Financial Inc,33893,RAYMOND JAMES BANK,2024,4,2024_Q4,37921.0,6268364.0,0.006049584867758158,0.0,3491710.0,0.0
RJF,Raymond James Financial Inc,33893,RAYMOND JAMES BANK,2025,1,2025_Q1,37999.0,6643280.0,0.005719915463445768,0.0,3366341.0,0.0
RJF,Raymond James Financial Inc,33893,RAYMOND JAMES BANK,2025,2,2025_Q2,37922.0,6531354.0,0.005806146780590977,0.0,3476482.0,0.0
RJF,Raymond James Financial Inc,33893,RAYMOND JAMES BANK,2025,3,2025_Q3,31093.0,6505854.0,0.0047792342096825416,0.0,3691708.0,0.0
RJF,Raymond James Financial Inc,33893,RAYMOND JAMES BANK,2025,4,2025_Q4,43155.0,5998512.0,0.007194284182477254,0.0,4036268.0,0.0
SCHW,Schwab Charles Corp,57450,"CHARLES SCHWAB BANK, SSB",2024,1,2024_Q1,0.0,2111000.0,0.0,,314000.0,
SCHW,Schwab Charles Corp,57450,"CHARLES SCHWAB BANK, SSB",2024,2,2024_Q2,0.0,2352000.0,0.0,,353000.0,
SCHW,Schwab Charles Corp,57450,"CHARLES SCHWAB BANK, SSB",2024,3,2024_Q3,0.0,2398000.0,0.0,,380000.0,
SCHW,Schwab Charles Corp,57450,"CHARLES SCHWAB BANK, SSB",2024,4,2024_Q4,0.0,0.0,,0.0,391000.0,0.0
SCHW,Schwab Charles Corp,57450,"CHARLES SCHWAB BANK, SSB",2025,1,2025_Q1,0.0,0.0,,0.0,391000.0,0.0
SCHW,Schwab Charles Corp,57450,"CHARLES SCHWAB BANK, SSB",2025,2,2025_Q2,0.0,0.0,,0.0,419000.0,0.0
SCHW,Schwab Charles Corp,57450,"CHARLES SCHWAB BANK, SSB",2025,3,2025_Q3,0.0,0.0,,0.0,414000.0,0.0
SCHW,Schwab Charles Corp,57450,"CHARLES SCHWAB BANK, SSB",2025,4,2025_Q4,0.0,0.0,,0.0,472000.0,0.0
SF,Stifel Financial Corp,57311,STIFEL BANK AND TRUST,2024,1,2024_Q1,0.0,3483945.0,0.0,,494230.0,
SF,Stifel Financial Corp,57311,STIFEL BANK AND TRUST,2024,2,2024_Q2,0.0,3579795.0,0.0,,490256.0,
SF,Stifel Financial Corp,57311,STIFEL BANK AND TRUST,2024,3,2024_Q3,850.0,4096140.0,0.00020751243853969834,,504737.0,
SF,Stifel Financial Corp,57311,STIFEL BANK AND TRUST,2024,4,2024_Q4,0.0,4223615.0,0.0,0.0,506949.0,0.0
SF,Stifel Financial Corp,57311,STIFEL BANK AND TRUST,2025,1,2025_Q1,13631.0,4368644.0,0.003120190155114493,0.0,226433.0,0.0
SF,Stifel Financial Corp,57311,STIFEL BANK AND TRUST,2025,2,2025_Q2,850.0,3240854.0,0.00026227654809503917,0.0,323842.0,0.0
SF,Stifel Financial Corp,57311,STIFEL BANK AND TRUST,2025,3,2025_Q3,850.0,3416039.0,0.00024882619899831355,0.0,350779.0,0.0
SF,Stifel Financial Corp,57311,STIFEL BANK AND TRUST,2025,4,2025_Q4,0.0,2168661.0,0.0,0.0,1671825.0,0.0
SNV,Synovus Financial Corp,873,SYNOVUS BANK,2024,1,2024_Q1,1667.0,10192645.0,0.0001635493044249064,,50238.0,
SNV,Synovus Financial Corp,873,SYNOVUS BANK,2024,2,2024_Q2,2469.0,10159711.0,0.00024301872366251363,,22486.0,
SNV,Synovus Financial Corp,873,SYNOVUS BANK,2024,3,2024_Q3,1891.0,10078101.0,0.0001876345553591892,,1072597.0,
SNV,Synovus Financial Corp,873,SYNOVUS BANK,2024,4,2024_Q4,1869.0,9960819.0,0.00018763517337279194,0.0,1197967.0,0.0
SNV,Synovus Financial Corp,873,SYNOVUS BANK,2025,1,2025_Q1,1902.0,9007247.0,0.00021116329995169445,7360.0,4717893.0,0.0015600184234784468
SNV,Synovus Financial Corp,873,SYNOVUS BANK,2025,2,2025_Q2,2069.0,9317205.0,0.00022206230301898477,5918.0,5001597.0,0.0011832220788680096
SNV,Synovus Financial Corp,873,SYNOVUS BANK,2025,3,2025_Q3,469.0,9168125.0,5.11554979889563e-05,0.0,5240648.0,0.0
SNV,Synovus Financial Corp,873,SYNOVUS BANK,2025,4,2025_Q4,718.0,10195299.0,7.042461432470004e-05,0.0,5213229.0,0.0
SOFI,"SoFi Technologies, Inc.",26881,"SOFI BANK, NATIONAL ASSOCIATION",2024,1,2024_Q1,0.0,5786.0,0.0,,0.0,
SOFI,"SoFi Technologies, Inc.",26881,"SOFI BANK, NATIONAL ASSOCIATION",2024,2,2024_Q2,0.0,5500.0,0.0,,0.0,
SOFI,"SoFi Technologies, Inc.",26881,"SOFI BANK, NATIONAL ASSOCIATION",2024,3,2024_Q3,3.0,5320.0,0.0005639097744360903,,0.0,
SOFI,"SoFi Technologies, Inc.",26881,"SOFI BANK, NATIONAL ASSOCIATION",2024,4,2024_Q4,0.0,5096.0,0.0,0.0,0.0,
SOFI,"SoFi Technologies, Inc.",26881,"SOFI BANK, NATIONAL ASSOCIATION",2025,1,2025_Q1,0.0,4926.0,0.0,0.0,0.0,
SOFI,"SoFi Technologies, Inc.",26881,"SOFI BANK, NATIONAL ASSOCIATION",2025,2,2025_Q2,0.0,4361.0,0.0,0.0,0.0,
SOFI,"SoFi Technologies, Inc.",26881,"SOFI BANK, NATIONAL ASSOCIATION",2025,3,2025_Q3,0.0,4192.0,0.0,0.0,0.0,
SOFI,"SoFi Technologies, Inc.",26881,"SOFI BANK, NATIONAL ASSOCIATION",2025,4,2025_Q4,0.0,4163.0,0.0,0.0,0.0,
SSB,SouthState Bank Corp,33555,"SOUTHSTATE BANK, N.A.",2024,1,2024_Q1,2481.0,3928579.0,0.0006315260556043292,,355909.0,
SSB,SouthState Bank Corp,33555,"SOUTHSTATE BANK, N.A.",2024,2,2024_Q2,5656.0,4052291.0,0.0013957536613239277,,433668.0,
SSB,SouthState Bank Corp,33555,"SOUTHSTATE BANK, N.A.",2024,3,2024_Q3,4378.0,4435309.0,0.0009870789160349369,,390444.0,
SSB,SouthState Bank Corp,33555,"SOUTHSTATE BANK, N.A.",2024,4,2024_Q4,3163.0,4557187.0,0.0006940685120009339,0.0,499565.0,0.0
SSB,SouthState Bank Corp,33555,"SOUTHSTATE BANK, N.A.",2025,1,2025_Q1,2991.0,6307184.0,0.0004742211421135011,10863.0,557974.0,0.019468649076838707
SSB,SouthState Bank Corp,33555,"SOUTHSTATE BANK, N.A.",2025,2,2025_Q2,3207.0,6507309.0,0.0004928304465025404,7542.0,616541.0,0.012232763109022757
SSB,SouthState Bank Corp,33555,"SOUTHSTATE BANK, N.A.",2025,3,2025_Q3,4085.0,6629670.0,0.000616169432264351,6403.0,689066.0,0.009292288401981813
SSB,SouthState Bank Corp,33555,"SOUTHSTATE BANK, N.A.",2025,4,2025_Q4,3236.0,7030269.0,0.00046029533151576416,6176.0,760369.0,0.008122372164041406
STT,State Street Corp,14,STATE STREET BANK AND TRUST COMPANY,2024,1,2024_Q1,14000.0,3590000.0,0.0038997214484679664,,8573000.0,
STT,State Street Corp,14,STATE STREET BANK AND TRUST COMPANY,2024,2,2024_Q2,3000.0,3369000.0,0.0008904719501335708,,8128000.0,
STT,State Street Corp,14,STATE STREET BANK AND TRUST COMPANY,2024,3,2024_Q3,0.0,3749000.0,0.0,,8838000.0,
STT,State Street Corp,14,STATE STREET BANK AND TRUST COMPANY,2024,4,2024_Q4,0.0,3755000.0,0.0,0.0,26115000.0,0.0
STT,State Street Corp,14,STATE STREET BANK AND TRUST COMPANY,2025,1,2025_Q1,0.0,3791000.0,0.0,0.0,27476000.0,0.0
STT,State Street Corp,14,STATE STREET BANK AND TRUST COMPANY,2025,2,2025_Q2,0.0,3980000.0,0.0,0.0,29914000.0,0.0
STT,State Street Corp,14,STATE STREET BANK AND TRUST COMPANY,2025,3,2025_Q3,41000.0,3887000.0,0.010547980447646,0.0,29896000.0,0.0
STT,State Street Corp,14,STATE STREET BANK AND TRUST COMPANY,2025,4,2025_Q4,40000.0,2661000.0,0.01503194287861706,0.0,31396000.0,0.0
SYF,Synchrony Financial,27314,SYNCHRONY BANK,2024,1,2024_Q1,46000.0,1836000.0,0.02505446623093682,,69000.0,
SYF,Synchrony Financial,27314,SYNCHRONY BANK,2024,2,2024_Q2,39000.0,1923000.0,0.0202808112324493,,70000.0,
SYF,Synchrony Financial,27314,SYNCHRONY BANK,2024,3,2024_Q3,40000.0,1858000.0,0.021528525296017224,,64000.0,
SYF,Synchrony Financial,27314,SYNCHRONY BANK,2024,4,2024_Q4,40000.0,1753000.0,0.022818026240730177,0.0,70000.0,0.0
SYF,Synchrony Financial,27314,SYNCHRONY BANK,2025,1,2025_Q1,40000.0,1782000.0,0.02244668911335578,0.0,70000.0,0.0
SYF,Synchrony Financial,27314,SYNCHRONY BANK,2025,2,2025_Q2,36000.0,1899000.0,0.018957345971563982,0.0,75000.0,0.0
SYF,Synchrony Financial,27314,SYNCHRONY BANK,2025,3,2025_Q3,33000.0,1880000.0,0.017553191489361703,0.0,75000.0,0.0
SYF,Synchrony Financial,27314,SYNCHRONY BANK,2025,4,2025_Q4,34000.0,1760000.0,0.019318181818181818,0.0,73000.0,0.0
TFC,Truist Financial Corp,9846,TRUIST BANK,2024,1,2024_Q1,416000.0,83645000.0,0.004973399485922649,,20354000.0,
TFC,Truist Financial Corp,9846,TRUIST BANK,2024,2,2024_Q2,364000.0,77879000.0,0.004673917230575636,,25584000.0,
TFC,Truist Financial Corp,9846,TRUIST BANK,2024,3,2024_Q3,454000.0,75133000.0,0.006042617757842759,,27153000.0,
TFC,Truist Financial Corp,9846,TRUIST BANK,2024,4,2024_Q4,427000.0,70274000.0,0.006076215954691636,7000.0,34929000.0,0.00020040653897907183
TFC,Truist Financial Corp,9846,TRUIST BANK,2025,1,2025_Q1,461000.0,72622000.0,0.006347938641183113,1000.0,35214000.0,2.8397796331004714e-05
TFC,Truist Financial Corp,9846,TRUIST BANK,2025,2,2025_Q2,384000.0,75183000.0,0.005107537608235904,0.0,34705000.0,0.0
TFC,Truist Financial Corp,9846,TRUIST BANK,2025,3,2025_Q3,639000.0,74149000.0,0.008617783112381826,0.0,36485000.0,0.0
TFC,Truist Financial Corp,9846,TRUIST BANK,2025,4,2025_Q4,656000.0,76309000.0,0.008596626872321744,2000.0,38091000.0,5.250584127484183e-05
UMBF,Umb Financial Corp,8273,"UMB BANK, NATIONAL ASSOCIATION",2024,1,2024_Q1,6037.0,10400738.0,0.0005804395803451639,,149892.0,
UMBF,Umb Financial Corp,8273,"UMB BANK, NATIONAL ASSOCIATION",2024,2,2024_Q2,6796.0,10753824.0,0.0006319612446698031,,136056.0,
UMBF,Umb Financial Corp,8273,"UMB BANK, NATIONAL ASSOCIATION",2024,3,2024_Q3,7360.0,11155642.0,0.0006597558437246373,,101697.0,
UMBF,Umb Financial Corp,8273,"UMB BANK, NATIONAL ASSOCIATION",2024,4,2024_Q4,5003.0,11354539.0,0.00044061674366524257,0.0,92269.0,0.0
UMBF,Umb Financial Corp,8273,"UMB BANK, NATIONAL ASSOCIATION",2025,1,2025_Q1,15936.0,14446206.0,0.0011031270078801312,0.0,88280.0,0.0
UMBF,Umb Financial Corp,8273,"UMB BANK, NATIONAL ASSOCIATION",2025,2,2025_Q2,30662.0,14986254.0,0.0020460082953351784,0.0,79512.0,0.0
UMBF,Umb Financial Corp,8273,"UMB BANK, NATIONAL ASSOCIATION",2025,3,2025_Q3,34430.0,13472550.0,0.0025555666893052912,0.0,2139192.0,0.0
UMBF,Umb Financial Corp,8273,"UMB BANK, NATIONAL ASSOCIATION",2025,4,2025_Q4,31009.0,14074122.0,0.0022032635499393853,0.0,2430468.0,0.0
USB,Us Bancorp \De\,6548,U.S. BANK NATIONAL ASSOCIATION,2024,1,2024_Q1,448438.0,97818714.0,0.004584378404320466,,15632142.0,
USB,Us Bancorp \De\,6548,U.S. BANK NATIONAL ASSOCIATION,2024,2,2024_Q2,503217.0,97572306.0,0.005157375290484577,,17855502.0,
USB,Us Bancorp \De\,6548,U.S. BANK NATIONAL ASSOCIATION,2024,3,2024_Q3,551187.0,97950578.0,0.005627194971733602,,16864166.0,
USB,Us Bancorp \De\,6548,U.S. BANK NATIONAL ASSOCIATION,2024,4,2024_Q4,657519.0,94441394.0,0.006962190752923448,0.0,23793482.0,0.0
USB,Us Bancorp \De\,6548,U.S. BANK NATIONAL ASSOCIATION,2025,1,2025_Q1,622728.0,83637859.0,0.007445527748384855,0.0,40932573.0,0.0
USB,Us Bancorp \De\,6548,U.S. BANK NATIONAL ASSOCIATION,2025,2,2025_Q2,608623.0,84291001.0,0.007220497950902256,382.0,44048006.0,8.672356246954743e-06
USB,Us Bancorp \De\,6548,U.S. BANK NATIONAL ASSOCIATION,2025,3,2025_Q3,777532.0,84256133.0,0.009228194700081951,527.0,45076845.0,1.1691146529886908e-05
USB,Us Bancorp \De\,6548,U.S. BANK NATIONAL ASSOCIATION,2025,4,2025_Q4,774666.0,85277164.0,0.009084096652182289,403.0,49899283.0,8.076268350388923e-06
VLY,Valley National Bancorp,9396,VALLEY NATIONAL BANK,2024,1,2024_Q1,96443.0,7463872.0,0.012921309475832383,,112958.0,
VLY,Valley National Bancorp,9396,VALLEY NATIONAL BANK,2024,2,2024_Q2,97435.0,7819117.0,0.012461125725577454,,121781.0,
VLY,Valley National Bancorp,9396,VALLEY NATIONAL BANK,2024,3,2024_Q3,113334.0,8118705.0,0.013959615480547699,,130692.0,
VLY,Valley National Bancorp,9396,VALLEY NATIONAL BANK,2024,4,2024_Q4,110561.0,8247748.0,0.01340499249007123,0.0,136795.0,0.0
VLY,Valley National Bancorp,9396,VALLEY NATIONAL BANK,2025,1,2025_Q1,92868.0,8475483.0,0.010957251639818049,0.0,150114.0,0.0
VLY,Valley National Bancorp,9396,VALLEY NATIONAL BANK,2025,2,2025_Q2,83895.0,8479781.0,0.009893533807064122,0.0,828434.0,0.0
VLY,Valley National Bancorp,9396,VALLEY NATIONAL BANK,2025,3,2025_Q3,84938.0,8400643.0,0.01011089270190389,0.0,803430.0,0.0
VLY,Valley National Bancorp,9396,VALLEY NATIONAL BANK,2025,4,2025_Q4,131278.0,7892049.0,0.01663420994978617,0.0,1371794.0,0.0
WAL,Western Alliance Bancorporation,57512,WESTERN ALLIANCE BANK,2024,1,2024_Q1,0.0,8816861.0,0.0,,8867156.0,
WAL,Western Alliance Bancorporation,57512,WESTERN ALLIANCE BANK,2024,2,2024_Q2,0.0,9633571.0,0.0,,10000786.0,
WAL,Western Alliance Bancorporation,57512,WESTERN ALLIANCE BANK,2024,3,2024_Q3,4186.0,10059406.0,0.00041612795029845697,,10542449.0,
WAL,Western Alliance Bancorporation,57512,WESTERN ALLIANCE BANK,2024,4,2024_Q4,0.0,9371561.0,0.0,590.0,11797481.0,5.001067600786982e-05
WAL,Western Alliance Bancorporation,57512,WESTERN ALLIANCE BANK,2025,1,2025_Q1,6.0,9589515.0,6.256833635486258e-07,595.0,12576052.0,4.731214533782144e-05
WAL,Western Alliance Bancorporation,57512,WESTERN ALLIANCE BANK,2025,2,2025_Q2,26.0,9990574.0,2.602453072265918e-06,1073.0,12960728.0,8.278855940808264e-05
WAL,Western Alliance Bancorporation,57512,WESTERN ALLIANCE BANK,2025,3,2025_Q3,1.0,10253572.0,9.752698864356733e-08,99524.0,13577407.0,0.00733011833555553
WAL,Western Alliance Bancorporation,57512,WESTERN ALLIANCE BANK,2025,4,2025_Q4,2939.0,11262949.0,0.0002609440919957997,99133.0,14671792.0,0.006756707019837795
WBS,Webster Financial Corp,18221,"WEBSTER BANK, NATIONAL ASSOCIATION",2024,1,2024_Q1,26.0,12947186.0,2.0081583751094637e-06,,1931182.0,
WBS,Webster Financial Corp,18221,"WEBSTER BANK, NATIONAL ASSOCIATION",2024,2,2024_Q2,1.0,12725060.0,7.858509115084722e-08,,2009174.0,
WBS,Webster Financial Corp,18221,"WEBSTER BANK, NATIONAL ASSOCIATION",2024,3,2024_Q3,0.0,12953356.0,0.0,,2176727.0,
WBS,Webster Financial Corp,18221,"WEBSTER BANK, NATIONAL ASSOCIATION",2024,4,2024_Q4,0.0,12968819.0,0.0,0.0,2488694.0,0.0
WBS,Webster Financial Corp,18221,"WEBSTER BANK, NATIONAL ASSOCIATION",2025,1,2025_Q1,0.0,10186991.0,0.0,0.0,5408555.0,0.0
WBS,Webster Financial Corp,18221,"WEBSTER BANK, NATIONAL ASSOCIATION",2025,2,2025_Q2,0.0,10454866.0,0.0,0.0,5734861.0,0.0
WBS,Webster Financial Corp,18221,"WEBSTER BANK, NATIONAL ASSOCIATION",2025,3,2025_Q3,0.0,10251535.0,0.0,431.0,6119904.0,7.042594132195538e-05
WBS,Webster Financial Corp,18221,"WEBSTER BANK, NATIONAL ASSOCIATION",2025,4,2025_Q4,0.0,9945487.0,0.0,552.0,7077451.0,7.799418180359002e-05
WFC,Wells Fargo & Company/Mn,3511,"WELLS FARGO BANK, NATIONAL ASSOCIATION",2024,1,2024_Q1,694000.0,187626000.0,0.0036988477076737767,,133819000.0,
WFC,Wells Fargo & Company/Mn,3511,"WELLS FARGO BANK, NATIONAL ASSOCIATION",2024,2,2024_Q2,705000.0,185105000.0,0.0038086491450798196,,138192000.0,
WFC,Wells Fargo & Company/Mn,3511,"WELLS FARGO BANK, NATIONAL ASSOCIATION",2024,3,2024_Q3,680000.0,183790000.0,0.0036998748571739487,,137151000.0,
WFC,Wells Fargo & Company/Mn,3511,"WELLS FARGO BANK, NATIONAL ASSOCIATION",2024,4,2024_Q4,1026000.0,181870000.0,0.005641392203222082,17000.0,158104000.0,0.00010752416131154177
WFC,Wells Fargo & Company/Mn,3511,"WELLS FARGO BANK, NATIONAL ASSOCIATION",2025,1,2025_Q1,1221000.0,188725000.0,0.006469731090210624,8000.0,161673000.0,4.948259758896043e-05
WFC,Wells Fargo & Company/Mn,3511,"WELLS FARGO BANK, NATIONAL ASSOCIATION",2025,2,2025_Q2,1053000.0,184276000.0,0.005714254704899173,7000.0,174152000.0,4.019477238274611e-05
WFC,Wells Fargo & Company/Mn,3511,"WELLS FARGO BANK, NATIONAL ASSOCIATION",2025,3,2025_Q3,986000.0,182948000.0,0.005389509587423749,140000.0,185766000.0,0.0007536362951239731
WFC,Wells Fargo & Company/Mn,3511,"WELLS FARGO BANK, NATIONAL ASSOCIATION",2025,4,2025_Q4,1340000.0,184944000.0,0.007245436456440869,140000.0,212129000.0,0.0006599757694610355
WTFC,Wintrust Financial Corp,33935,"WINTRUST BANK, NATIONAL ASSOCIATION",2024,1,2024_Q1,874.0,3362546.0,0.00025992209474606445,,63048.0,
WTFC,Wintrust Financial Corp,33935,"WINTRUST BANK, NATIONAL ASSOCIATION",2024,2,2024_Q2,444.0,3362859.0,0.00013203051332214642,,84364.0,
WTFC,Wintrust Financial Corp,33935,"WINTRUST BANK, NATIONAL ASSOCIATION",2024,3,2024_Q3,105.0,3346173.0,3.1379130726355155e-05,,122148.0,
WTFC,Wintrust Financial Corp,33935,"WINTRUST BANK, NATIONAL ASSOCIATION",2024,4,2024_Q4,197.0,3201017.0,6.154294088410027e-05,0.0,102727.0,0.0
WTFC,Wintrust Financial Corp,33935,"WINTRUST BANK, NATIONAL ASSOCIATION",2025,1,2025_Q1,396.0,3099413.0,0.0001277661286185481,0.0,107103.0,0.0
WTFC,Wintrust Financial Corp,33935,"WINTRUST BANK, NATIONAL ASSOCIATION",2025,2,2025_Q2,113.0,3198643.0,3.532748105993698e-05,0.0,121162.0,0.0
WTFC,Wintrust Financial Corp,33935,"WINTRUST BANK, NATIONAL ASSOCIATION",2025,3,2025_Q3,436.0,2742383.0,0.00015898581635023264,0.0,425901.0,0.0
WTFC,Wintrust Financial Corp,33935,"WINTRUST BANK, NATIONAL ASSOCIATION",2025,4,2025_Q4,429.0,2709032.0,0.00015835914821235039,0.0,450560.0,0.0
ZION,"Zions Bancorporation, National Association",2270,"ZIONS BANCORPORATION, NATIONAL ASSOCIATION",2024,1,2024_Q1,1883.0,13276407.0,0.00014183054195310524,,2046901.0,
ZION,"Zions Bancorporation, National Association",2270,"ZIONS BANCORPORATION, NATIONAL ASSOCIATION",2024,2,2024_Q2,3589.0,13378817.0,0.0002682598917378121,,2101445.0,
ZION,"Zions Bancorporation, National Association",2270,"ZIONS BANCORPORATION, NATIONAL ASSOCIATION",2024,3,2024_Q3,5311.0,13538860.0,0.0003922782272658112,,2115922.0,
ZION,"Zions Bancorporation, National Association",2270,"ZIONS BANCORPORATION, NATIONAL ASSOCIATION",2024,4,2024_Q4,1351.0,13355212.0,0.00010115900818347175,813.0,2353032.0,0.00034551166324979857
ZION,"Zions Bancorporation, National Association",2270,"ZIONS BANCORPORATION, NATIONAL ASSOCIATION",2025,1,2025_Q1,1069.0,13640800.0,7.836783766348014e-05,791.0,2275981.0,0.00034754244433499225
ZION,"Zions Bancorporation, National Association",2270,"ZIONS BANCORPORATION, NATIONAL ASSOCIATION",2025,2,2025_Q2,1966.0,14223977.0,0.00013821732135815463,751.0,2244351.0,0.0003346178917647017
ZION,"Zions Bancorporation, National Association",2270,"ZIONS BANCORPORATION, NATIONAL ASSOCIATION",2025,3,2025_Q3,2904.0,14137699.0,0.00020540824924904683,10445.0,2036966.0,0.005127724272275531
ZION,"Zions Bancorporation, National Association",2270,"ZIONS BANCORPORATION, NATIONAL ASSOCIATION",2025,4,2025_Q4,1667.0,14635445.0,0.00011390155885249817,9576.0,1997098.0,0.00479495748330828
